InvoiceNo,StockCode,Description,Quantity,InvoiceDate,UnitPrice,CustomerID,Country,Total_amt
556882,82582,AREA PATROLLED METAL SIGN,6,2011-06-15 12:21:00,2.1,14395,United Kingdom,12.600000000000001
580033,20713,JUMBO BAG OWLS,10,2011-12-01 12:18:00,2.08,14282,United Kingdom,20.8
569943,20961,STRAWBERRY BATH SPONGE ,5,2011-10-06 18:08:00,1.25,14592,United Kingdom,6.25
543300,47310M,"SMALL POP BOX,FUNKY MONKEY",3,2011-02-07 11:42:00,1.25,13334,United Kingdom,3.75
536643,22634,CHILDS BREAKFAST SET SPACEBOY ,2,2010-12-02 11:57:00,9.95,14390,United Kingdom,19.9
542006,22424,ENAMEL BREAD BIN CREAM,2,2011-01-25 11:20:00,12.75,15218,United Kingdom,25.5
543535,82551,LAUNDRY 15C METAL SIGN,1,2011-02-09 13:37:00,1.45,17537,United Kingdom,1.45
574149,84581,DOG TOY WITH PINK CROCHET SKIRT,4,2011-11-03 11:29:00,3.75,13709,United Kingdom,15.0
574295,84029G,KNITTED UNION FLAG HOT WATER BOTTLE,108,2011-11-03 15:47:00,3.75,17389,United Kingdom,405.0
580982,20618,QUEEN OF THE SKIES PASSPORT COVER ,1,2011-12-06 16:21:00,2.1,17861,United Kingdom,2.1
572862,21034,REX CASH+CARRY JUMBO SHOPPER,1,2011-10-26 12:48:00,0.95,16750,United Kingdom,0.95
565149,37327,ASSTD MULTICOLOUR CIRCLES MUG,48,2011-09-01 14:13:00,0.39,14414,United Kingdom,18.72
564434,85053,FRENCH ENAMEL CANDLEHOLDER,12,2011-08-25 11:59:00,2.1,14687,United Kingdom,25.200000000000003
562984,22110,BIRD HOUSE HOT WATER BOTTLE,8,2011-08-11 11:45:00,2.55,17841,United Kingdom,20.4
570685,72586,SET OF 6 HALLOWEEN GHOST T-LIGHTS,4,2011-10-11 16:25:00,0.42,13208,United Kingdom,1.68
576809,22991,GIRAFFE WOODEN RULER,12,2011-11-16 14:20:00,1.95,14851,United Kingdom,23.4
537192,20702,PINK PADDED MOBILE,1,2010-12-05 13:42:00,4.25,16402,United Kingdom,4.25
563555,22204,MILK PAN BLUE POLKADOT,1,2011-08-17 13:21:00,3.75,16755,United Kingdom,3.75
554131,22335,HEART DECORATION PAINTED ZINC ,24,2011-05-23 09:43:00,0.65,13988,United Kingdom,15.600000000000001
575904,23084,RABBIT NIGHT LIGHT,9,2011-11-11 15:28:00,2.08,18014,United Kingdom,18.72
536749,35271S,GOLD PRINT PAPER BAG,5,2010-12-02 13:49:00,0.19,17976,United Kingdom,0.95
539957,21625,VINTAGE UNION JACK APRON,3,2010-12-23 12:58:00,6.95,12585,Germany,20.85
549943,37340,MULTICOLOUR SPRING FLOWER MUG,6,2011-04-13 12:09:00,0.39,13544,United Kingdom,2.34
542231,21355,TOAST ITS - I LOVE YOU ,10,2011-01-26 13:40:00,1.25,16714,United Kingdom,12.5
566563,84536A,ENGLISH ROSE NOTEBOOK A7 SIZE,16,2011-09-13 12:22:00,0.42,12909,United Kingdom,6.72
577774,23365,SET 12 COLOUR PENCILS LOVE LONDON,6,2011-11-21 15:57:00,0.65,16712,United Kingdom,3.9000000000000004
541008,22087,PAPER BUNTING WHITE LACE,3,2011-01-13 10:48:00,2.95,17848,United Kingdom,8.850000000000001
570027,23541,WALL ART CLASSIC PUDDINGS ,2,2011-10-07 10:41:00,8.25,14844,United Kingdom,16.5
551001,21922,UNION STRIPE WITH FRINGE  HAMMOCK,12,2011-04-26 09:31:00,6.95,13408,United Kingdom,83.4
571270,22571,ROCKING HORSE RED CHRISTMAS ,5,2011-10-16 12:09:00,0.85,12940,United Kingdom,4.25
541485,22721,SET OF 3 CAKE TINS SKETCHBOOK,1,2011-01-18 13:05:00,4.95,18118,United Kingdom,4.95
554820,22847,BREAD BIN DINER STYLE IVORY,2,2011-05-26 14:09:00,16.95,15622,United Kingdom,33.9
553524,21175,GIN + TONIC DIET METAL SIGN,3,2011-05-17 14:46:00,2.55,15570,United Kingdom,7.6499999999999995
574903,23469,CARD HOLDER LOVE BIRD SMALL,6,2011-11-07 15:27:00,4.15,17302,United Kingdom,24.900000000000002
566123,71053,WHITE METAL LANTERN,24,2011-09-09 11:15:00,3.39,15039,United Kingdom,81.36
556017,21507,"ELEPHANT, BIRTHDAY CARD, ",12,2011-06-08 11:56:00,0.42,15382,United Kingdom,5.04
574939,84581,DOG TOY WITH PINK CROCHET SKIRT,1,2011-11-07 17:16:00,3.75,17109,United Kingdom,3.75
550925,48194,DOORMAT HEARTS,2,2011-04-21 14:37:00,7.95,17061,United Kingdom,15.9
565416,21080,SET/20 RED RETROSPOT PAPER NAPKINS ,12,2011-09-04 12:00:00,0.85,12710,Germany,10.2
541569,22431,WATERING CAN BLUE ELEPHANT,12,2011-01-19 12:14:00,1.95,13520,Switzerland,23.4
562783,23148,MINIATURE ANTIQUE ROSE HOOK IVORY,12,2011-08-09 13:22:00,0.83,13018,United Kingdom,9.959999999999999
572652,22411,JUMBO SHOPPER VINTAGE RED PAISLEY,10,2011-10-25 12:11:00,2.08,15805,United Kingdom,20.8
558995,22726,ALARM CLOCK BAKELIKE GREEN,8,2011-07-05 12:03:00,3.75,17671,United Kingdom,30.0
577484,22578,WOODEN STAR CHRISTMAS SCANDINAVIAN,40,2011-11-20 11:52:00,0.29,13536,United Kingdom,11.6
537262,21976,PACK OF 60 MUSHROOM CAKE CASES,3,2010-12-06 11:26:00,0.55,15039,United Kingdom,1.6500000000000001
564141,22113,GREY HEART HOT WATER BOTTLE,3,2011-08-23 11:47:00,3.75,17841,United Kingdom,11.25
578317,23499,SET 12 VINTAGE DOILY CHALK ,24,2011-11-23 16:47:00,0.42,15398,United Kingdom,10.08
569123,84859A,SILVER DISCO HANDBAG,3,2011-09-30 13:09:00,1.95,12748,United Kingdom,5.85
581404,23398,HANGING HEART BONHEUR,1,2011-12-08 13:47:00,0.85,13680,United Kingdom,0.85
569246,22910,PAPER CHAIN KIT VINTAGE CHRISTMAS,1,2011-10-03 09:57:00,5.79,14096,United Kingdom,5.79
539466,47567B,TEA TIME KITCHEN APRON,3,2010-12-19 12:46:00,5.95,12668,Germany,17.85
578790,23309,SET OF 60 I LOVE LONDON CAKE CASES ,2,2011-11-25 12:20:00,0.55,14966,United Kingdom,1.1
538800,85099F,JUMBO BAG STRAWBERRY,10,2010-12-14 11:51:00,1.95,16458,United Kingdom,19.5
536973,85061W,WHITE JEWELLED HEART DECORATION,48,2010-12-03 13:43:00,0.85,17787,United Kingdom,40.8
552978,22355,CHARLOTTE BAG SUKI DESIGN,100,2011-05-12 14:46:00,0.72,12590,Germany,72.0
554669,22027,TEA PARTY BIRTHDAY CARD,12,2011-05-25 15:31:00,0.42,15203,United Kingdom,5.04
542386,22808,SET OF 6 T-LIGHTS EASTER CHICKS,6,2011-01-27 14:35:00,2.95,17540,United Kingdom,17.700000000000003
568215,23504,PLAYING CARDS JUBILEE UNION JACK,48,2011-09-26 08:38:00,1.25,13390,United Kingdom,60.0
564660,22147,FELTCRAFT BUTTERFLY HEARTS,12,2011-08-26 14:45:00,1.45,15074,United Kingdom,17.4
559358,72807C,SET/3 VANILLA SCENTED CANDLE IN BOX,4,2011-07-07 19:14:00,4.25,15675,United Kingdom,17.0
548712,22840,ROUND CAKE TIN VINTAGE RED,3,2011-04-03 14:42:00,7.95,17050,United Kingdom,23.85
571006,84946,ANTIQUE SILVER T-LIGHT GLASS,12,2011-10-13 12:06:00,1.25,17063,United Kingdom,15.0
546105,22900, SET 2 TEA TOWELS I LOVE LONDON ,1,2011-03-09 12:21:00,2.95,14662,United Kingdom,2.95
575508,23081,GREEN METAL BOX ARMY SUPPLIES,16,2011-11-10 10:32:00,7.5,14646,Netherlands,120.0
551193,21576,LETS GO SHOPPING COTTON TOTE BAG,1,2011-04-27 11:05:00,2.25,17954,United Kingdom,2.25
574481,23256,CHILDRENS CUTLERY SPACEBOY ,2,2011-11-04 12:45:00,4.15,18022,United Kingdom,8.3
561632,22847,BREAD BIN DINER STYLE IVORY,1,2011-07-28 14:30:00,16.95,15639,United Kingdom,16.95
543989,21217,RED RETROSPOT ROUND CAKE TINS,48,2011-02-15 09:52:00,8.95,12415,Australia,429.59999999999997
559878,21175,GIN + TONIC DIET METAL SIGN,2,2011-07-13 11:19:00,2.55,15493,United Kingdom,5.1
539050,22399,MAGNETS PACK OF 4 CHILDHOOD MEMORY,1,2010-12-15 16:21:00,1.25,12577,France,1.25
544177,21041,RED RETROSPOT OVEN GLOVE DOUBLE,6,2011-02-16 14:27:00,2.95,13001,United Kingdom,17.700000000000003
577409,21523,DOORMAT FANCY FONT HOME SWEET HOME,10,2011-11-20 10:53:00,7.08,16779,United Kingdom,70.8
537650,22314,OFFICE MUG WARMER CHOC+BLUE,6,2010-12-07 15:48:00,2.95,16125,United Kingdom,17.700000000000003
563369,21980,PACK OF 12 RED RETROSPOT TISSUES ,24,2011-08-16 09:25:00,0.29,13394,United Kingdom,6.959999999999999
571192,22178,VICTORIAN GLASS HANGING T-LIGHT,6,2011-10-14 11:55:00,1.95,13050,United Kingdom,11.7
569533,22646,CERAMIC STRAWBERRY CAKE MONEY BANK,1,2011-10-04 15:21:00,1.45,16374,United Kingdom,1.45
545690,22488,NATURAL SLATE RECTANGLE CHALKBOARD,1,2011-03-06 12:46:00,1.65,13263,United Kingdom,1.65
548899,85099B,JUMBO BAG RED RETROSPOT,100,2011-04-04 16:31:00,1.79,15838,United Kingdom,179.0
547063,22948,METAL DECORATION NAUGHTY CHILDREN ,24,2011-03-20 13:33:00,0.85,14769,United Kingdom,20.4
538968,22029,SPACEBOY BIRTHDAY CARD,12,2010-12-15 11:34:00,0.42,15384,United Kingdom,5.04
562218,22418,10 COLOUR SPACEBOY PEN,24,2011-08-03 14:07:00,0.85,13851,United Kingdom,20.4
544677,35971,ROSE FOLKART HEART DECORATIONS,4,2011-02-22 16:13:00,1.25,18196,United Kingdom,5.0
556815,22672,FRENCH BATHROOM SIGN BLUE METAL,12,2011-06-15 08:36:00,1.65,14852,United Kingdom,19.799999999999997
558542,21172,PARTY METAL SIGN ,3,2011-06-30 12:23:00,1.45,13593,United Kingdom,4.35
556820,21558,SKULL LUNCH BOX WITH CUTLERY ,6,2011-06-15 10:22:00,2.55,12682,France,15.299999999999999
564330,22897,OVEN MITT APPLES DESIGN,7,2011-08-24 13:57:00,1.45,13411,United Kingdom,10.15
558761,22630,DOLLY GIRL LUNCH BOX,1,2011-07-03 12:52:00,1.95,15033,United Kingdom,1.95
537034,22910,PAPER CHAIN KIT VINTAGE CHRISTMAS,40,2010-12-03 17:20:00,2.55,13081,United Kingdom,102.0
580126,POST,POSTAGE,3,2011-12-01 17:20:00,18.0,12562,France,54.0
545220,84678,CLASSICAL ROSE SMALL VASE,6,2011-03-01 08:30:00,2.55,14620,United Kingdom,15.299999999999999
581473,22845,VINTAGE CREAM CAT FOOD CONTAINER,1,2011-12-08 19:57:00,6.35,12748,United Kingdom,6.35
576339,84884A,ANT WHITE WIRE HEART SPIRAL,2,2011-11-14 15:27:00,8.29,14096,United Kingdom,16.58
571036,22601,CHRISTMAS RETROSPOT ANGEL WOOD,14,2011-10-13 12:52:00,0.85,17567,United Kingdom,11.9
552269,23203,JUMBO BAG DOILEY PATTERNS,1,2011-05-08 11:52:00,2.08,16121,United Kingdom,2.08
565431,23215,JINGLE BELL HEART ANTIQUE SILVER,2,2011-09-04 13:15:00,2.08,14965,United Kingdom,4.16
540482,22644,CERAMIC CHERRY CAKE MONEY BANK,1,2011-01-07 15:48:00,1.45,14672,United Kingdom,1.45
537375,20974,12 PENCILS SMALL TUBE SKULL,6,2010-12-06 12:55:00,0.65,17019,United Kingdom,3.9000000000000004
569491,20685,DOORMAT RED RETROSPOT,1,2011-10-04 13:25:00,8.25,14056,United Kingdom,8.25
580119,23008,DOLLY GIRL BABY GIFT SET,1,2011-12-01 16:37:00,16.95,17920,United Kingdom,16.95
565124,22720,SET OF 3 CAKE TINS PANTRY DESIGN ,6,2011-09-01 12:09:00,4.95,12436,Norway,29.700000000000003
571913,22424,ENAMEL BREAD BIN CREAM,2,2011-10-19 15:29:00,12.75,18210,United Kingdom,25.5
543040,21977,PACK OF 60 PINK PAISLEY CAKE CASES,2,2011-02-02 17:06:00,0.55,17337,United Kingdom,1.1
546639,21675,BUTTERFLIES STICKERS,12,2011-03-15 12:54:00,0.85,13971,United Kingdom,10.2
551471,20724,RED RETROSPOT CHARLOTTE BAG,1,2011-04-28 16:40:00,0.85,16370,United Kingdom,0.85
564172,23177,TREASURE ISLAND BOOK BOX,3,2011-08-23 14:19:00,2.25,16033,United Kingdom,6.75
542568,84378,SET OF 3 HEART COOKIE CUTTERS,12,2011-01-28 14:53:00,1.25,14215,United Kingdom,15.0
563755,23300,GARDENERS KNEELING PAD CUP OF TEA ,12,2011-08-19 10:58:00,1.65,17612,United Kingdom,19.799999999999997
540691,22774,RED DRAWER KNOB ACRYLIC EDWARDIAN,18,2011-01-11 08:50:00,1.49,17450,United Kingdom,26.82
547568,22951,60 CAKE CASES DOLLY GIRL DESIGN,24,2011-03-24 09:50:00,0.55,13341,United Kingdom,13.200000000000001
540543,21078,SET/20 STRAWBERRY PAPER NAPKINS ,6,2011-01-09 15:23:00,0.85,14395,United Kingdom,5.1
566562,21503,TOYBOX  WRAP ,25,2011-09-13 12:18:00,0.42,17365,United Kingdom,10.5
552543,22620,4 TRADITIONAL SPINNING TOPS,12,2011-05-10 10:22:00,1.45,12399,Belgium,17.4
576377,23543,KEEP CALM WALL ART ,2,2011-11-15 09:12:00,8.25,16341,United Kingdom,16.5
578674,23409,PHOTO FRAME LINEN AND LACE LARGE,12,2011-11-24 18:05:00,3.29,14088,United Kingdom,39.480000000000004
542585,21864,UNION JACK FLAG PASSPORT COVER ,3,2011-01-28 15:29:00,2.1,17329,United Kingdom,6.300000000000001
542789,21495,SKULLS AND CROSSBONES WRAP,25,2011-02-01 10:38:00,0.42,17511,United Kingdom,10.5
562460,22139,RETROSPOT TEA SET CERAMIC 11 PC ,1,2011-08-05 11:19:00,4.95,17841,United Kingdom,4.95
536846,22469,HEART OF WICKER SMALL,2,2010-12-02 19:59:00,1.65,14573,United Kingdom,3.3
578420,22835,HOT WATER BOTTLE I AM SO POORLY,2,2011-11-24 11:57:00,4.95,16326,United Kingdom,9.9
579414,85049C,ROMANTIC PINKS RIBBONS ,2,2011-11-29 12:52:00,1.25,14719,United Kingdom,2.5
569484,23528,SPACEBOY WALL ART,6,2011-10-04 12:46:00,3.75,14057,United Kingdom,22.5
549833,48194,DOORMAT HEARTS,6,2011-04-12 13:19:00,7.95,13458,United Kingdom,47.7
556365,22776,SWEETHEART CAKESTAND 3 TIER,1,2011-06-10 11:44:00,9.95,16370,United Kingdom,9.95
579196,21932,SCANDINAVIAN PAISLEY PICNIC BAG,1,2011-11-28 15:54:00,2.46,14096,United Kingdom,2.46
562341,21932,SCANDINAVIAN PAISLEY PICNIC BAG,2,2011-08-04 12:13:00,1.65,15005,United Kingdom,3.3
545474,22350,ILLUSTRATED CAT BOWL ,6,2011-03-03 10:55:00,2.55,16709,United Kingdom,15.299999999999999
566271,22952,60 CAKE CASES VINTAGE CHRISTMAS,24,2011-09-11 13:44:00,0.55,14250,United Kingdom,13.200000000000001
565738,22349,DOG BOWL CHASING BALL DESIGN,6,2011-09-06 12:30:00,3.75,14667,United Kingdom,22.5
538035,47591D,PINK FAIRY CAKE CHILDRENS APRON,2,2010-12-09 13:03:00,1.95,16065,United Kingdom,3.9
572280,84536A,ENGLISH ROSE NOTEBOOK A7 SIZE,6,2011-10-23 11:05:00,0.42,16007,United Kingdom,2.52
551963,21238,RED RETROSPOT CUP,8,2011-05-05 12:52:00,0.85,13266,United Kingdom,6.8
576364,23127,FELTCRAFT GIRL NICOLE KIT,2,2011-11-14 17:40:00,4.95,15009,United Kingdom,9.9
573291,23025,DRAWER KNOB VINTAGE GLASS BALL,6,2011-10-28 14:51:00,2.08,16554,United Kingdom,12.48
542613,85203,HANGING WOOD AND FELT BUTTERFLY ,1,2011-01-30 14:36:00,0.42,17431,United Kingdom,0.42
550440,POST,POSTAGE,2,2011-04-18 12:25:00,15.0,12407,Belgium,30.0
548198,84763,ZINC FINISH 15CM PLANTER POTS,1,2011-03-29 16:05:00,1.25,16712,United Kingdom,1.25
563848,23227,FILIGREE HEART BUTTERFLY WHITE ,24,2011-08-19 14:57:00,1.25,14911,EIRE,30.0
553842,21244,BLUE POLKADOT PLATE ,16,2011-05-19 12:24:00,1.69,12524,Germany,27.04
579157,22944,CHRISTMAS METAL POSTCARD WITH BELLS,72,2011-11-28 13:51:00,0.39,15540,United Kingdom,28.080000000000002
568878,22111,SCOTTIE DOG HOT WATER BOTTLE,2,2011-09-29 12:34:00,4.95,14524,United Kingdom,9.9
554163,82578,KITCHEN METAL SIGN,2,2011-05-23 11:52:00,0.55,14573,United Kingdom,1.1
561093,22746,POPPY'S PLAYHOUSE LIVINGROOM ,6,2011-07-25 10:01:00,2.1,12540,Spain,12.600000000000001
553383,22412,METAL SIGN NEIGHBOURHOOD WITCH ,18,2011-05-16 15:48:00,2.1,18230,United Kingdom,37.800000000000004
571239,21888,BINGO SET,12,2011-10-14 14:54:00,3.75,12744,Singapore,45.0
566231,23242,TREASURE TIN BUFFALO BILL ,6,2011-09-11 10:58:00,2.08,14837,United Kingdom,12.48
573002,85017B,ENVELOPE 50 BLOSSOM IMAGES,17,2011-10-27 12:09:00,0.42,14646,Netherlands,7.14
580188,23503,PLAYING CARDS KEEP CALM & CARRY ON,4,2011-12-02 12:02:00,1.25,16440,United Kingdom,5.0
564256,51014C,"FEATHER PEN,COAL BLACK",12,2011-08-24 10:45:00,0.39,14796,United Kingdom,4.68
548711,15056N,EDWARDIAN PARASOL NATURAL,2,2011-04-03 14:24:00,5.95,18116,United Kingdom,11.9
581587,22138,BAKING SET 9 PIECE RETROSPOT ,3,2011-12-09 12:50:00,4.95,12680,France,14.850000000000001
578946,47563A,RETRO LONGBOARD IRONING BOARD COVER,1,2011-11-27 13:47:00,1.25,16005,United Kingdom,1.25
544065,62096A,PINK/YELLOW FLOWERS HANDBAG,6,2011-02-15 13:52:00,1.25,14346,United Kingdom,7.5
541249,22752,SET 7 BABUSHKA NESTING BOXES,1,2011-01-16 13:18:00,8.5,13700,United Kingdom,8.5
546764,22185,SLATE TILE NATURAL HANGING,12,2011-03-16 14:31:00,1.65,15671,United Kingdom,19.799999999999997
559141,22663,JUMBO BAG DOLLY GIRL DESIGN,100,2011-07-06 13:56:00,1.79,15311,United Kingdom,179.0
581193,23264,SET OF 3 WOODEN SLEIGH DECORATIONS,2,2011-12-07 17:05:00,1.25,17097,Spain,2.5
573772,22352,LUNCH BOX WITH CUTLERY RETROSPOT ,1,2011-11-01 10:16:00,2.55,17377,United Kingdom,2.55
577024,21615,4 LAVENDER BOTANICAL DINNER CANDLES,1,2011-11-17 12:47:00,1.25,14704,United Kingdom,1.25
570244,23465,TUSCAN VILLA FEEDING STATION,2,2011-10-09 16:05:00,8.25,14514,United Kingdom,16.5
548715,22293,HANGING CHICK GREEN DECORATION,3,2011-04-03 15:22:00,1.45,17758,United Kingdom,4.35
544074,22913,RED COAT RACK PARIS FASHION,2,2011-02-15 14:49:00,4.95,14156,EIRE,9.9
562166,21633,SUNFLOWER DECORATIVE PARASOL,1,2011-08-03 12:10:00,12.75,13209,United Kingdom,12.75
557892,62086A,PINK RETRO BIG FLOWER BAG,4,2011-06-23 14:11:00,1.95,14534,United Kingdom,7.8
553404,22294,HEART FILIGREE DOVE  SMALL,24,2011-05-17 08:34:00,1.25,14952,United Kingdom,30.0
547716,22502,PICNIC BASKET WICKER SMALL,4,2011-03-25 08:52:00,5.95,16833,United Kingdom,23.8
566591,22717,CARD DOG AND BALL ,12,2011-09-13 14:53:00,0.42,16036,United Kingdom,5.04
561085,23298,SPOTTY BUNTING,12,2011-07-25 09:26:00,4.95,14367,United Kingdom,59.400000000000006
568727,21169,YOU'RE CONFUSING ME METAL SIGN ,12,2011-09-28 16:38:00,1.69,15796,United Kingdom,20.28
537057,22256,FELT FARM ANIMAL CHICKEN,3,2010-12-05 11:49:00,1.25,15351,United Kingdom,3.75
537208,21592,RETROSPOT CIGAR BOX MATCHES ,2,2010-12-05 15:12:00,1.25,15889,United Kingdom,2.5
552460,20725,LUNCH BAG RED RETROSPOT,10,2011-05-09 14:44:00,1.65,13178,United Kingdom,16.5
561917,21174,POTTERING IN THE SHED METAL SIGN,1,2011-08-01 11:57:00,2.08,16904,United Kingdom,2.08
575733,21506,"FANCY FONT BIRTHDAY CARD, ",12,2011-11-11 08:33:00,0.42,13810,Germany,5.04
569686,23391, I LOVE LONDON MINI BACKPACK,4,2011-10-05 14:50:00,4.15,12719,France,16.6
574749,22722,SET OF 6 SPICE TINS PANTRY DESIGN,4,2011-11-07 08:54:00,3.95,15150,United Kingdom,15.8
574675,23307,SET OF 60 PANTRY DESIGN CAKE CASES ,6,2011-11-06 12:31:00,0.55,17289,United Kingdom,3.3000000000000003
540835,20725,LUNCH BAG RED RETROSPOT,10,2011-01-11 15:00:00,1.65,12724,France,16.5
554809,23073,GEORGIAN TRINKET BOX,1,2011-05-26 13:13:00,12.5,16838,United Kingdom,12.5
579002,22439,6 ROCKET BALLOONS ,10,2011-11-27 16:27:00,0.65,14093,United Kingdom,6.5
581281,23118,PARISIENNE JEWELLERY DRAWER ,16,2011-12-08 11:36:00,6.65,18109,United Kingdom,106.4
579196,22360,GLASS JAR ENGLISH CONFECTIONERY,1,2011-11-28 15:54:00,5.79,14096,United Kingdom,5.79
570101,21212,PACK OF 72 RETROSPOT CAKE CASES,24,2011-10-07 12:14:00,0.55,14560,United Kingdom,13.200000000000001
576876,23321,SMALL WHITE HEART OF WICKER,2,2011-11-16 16:42:00,1.65,16804,United Kingdom,3.3
550035,21937,STRAWBERRY   PICNIC BAG,1,2011-04-14 11:48:00,2.95,15039,United Kingdom,2.95
552269,22694,WICKER STAR ,4,2011-05-08 11:52:00,2.1,16121,United Kingdom,8.4
554349,21212,PACK OF 72 RETROSPOT CAKE CASES,24,2011-05-24 08:49:00,0.55,14191,United Kingdom,13.200000000000001
545416,85114C,RED ENCHANTED FOREST PLACEMAT,10,2011-03-02 13:35:00,1.65,17770,United Kingdom,16.5
577483,21014,SWISS CHALET TREE DECORATION ,6,2011-11-20 11:50:00,0.29,14502,United Kingdom,1.7399999999999998
569220,22151,PLACE SETTING WHITE HEART,24,2011-10-02 13:26:00,0.42,16007,United Kingdom,10.08
546242,20971,PINK BLUE FELT CRAFT TRINKET BOX,24,2011-03-10 13:07:00,1.25,16743,United Kingdom,30.0
556578,22029,SPACEBOY BIRTHDAY CARD,12,2011-06-13 14:13:00,0.42,12472,Germany,5.04
557799,84380,SET OF 3 BUTTERFLY COOKIE CUTTERS,12,2011-06-23 09:53:00,1.25,14854,United Kingdom,15.0
544941,84228,HEN HOUSE W CHICK STANDING,2,2011-02-25 10:25:00,0.42,12841,United Kingdom,0.84
552298,22082,RIBBON REEL STRIPES DESIGN ,10,2011-05-08 14:18:00,1.65,14507,United Kingdom,16.5
554950,23208,LUNCH BAG VINTAGE LEAF DESIGN,10,2011-05-27 14:48:00,1.65,14227,United Kingdom,16.5
541684,22079,RIBBON REEL HEARTS DESIGN ,25,2011-01-20 15:22:00,1.65,15498,United Kingdom,41.25
572513,21181,PLEASE ONE PERSON METAL SIGN,1,2011-10-24 14:36:00,2.1,16728,United Kingdom,2.1
552882,23280,FOLDING MIRROR HOT PINK ,96,2011-05-12 10:10:00,0.72,14646,Netherlands,69.12
560862,23000,TRAVEL CARD WALLET TRANSPORT,4,2011-07-21 13:48:00,0.42,14085,United Kingdom,1.68
539653,22380,TOY TIDY SPACEBOY  ,2,2010-12-20 16:50:00,2.1,13564,United Kingdom,4.2
575969,85099C,JUMBO  BAG BAROQUE BLACK WHITE,3,2011-11-13 12:47:00,2.08,13571,United Kingdom,6.24
542716,21621,VINTAGE UNION JACK BUNTING,6,2011-01-31 14:02:00,8.5,16407,United Kingdom,51.0
567797,22560,TRADITIONAL MODELLING CLAY,24,2011-09-22 11:49:00,1.25,16735,United Kingdom,30.0
577751,21804,WHITE CHRISTMAS GARLAND STARS TREES,1,2011-11-21 14:34:00,3.75,12904,United Kingdom,3.75
537852,51008,AFGHAN SLIPPER SOCK PAIR,50,2010-12-08 15:56:00,3.45,17340,United Kingdom,172.5
541788,84917,WHITE HAND TOWEL WITH BUTTERFLY,20,2011-01-21 13:05:00,1.25,13999,United Kingdom,25.0
541013,22469,HEART OF WICKER SMALL,12,2011-01-13 11:54:00,1.65,15694,United Kingdom,19.799999999999997
547790,85049D,BRIGHT BLUES RIBBONS ,12,2011-03-25 12:04:00,1.25,12545,Spain,15.0
577699,22693,GROW A FLYTRAP OR SUNFLOWER IN TIN,24,2011-11-21 12:06:00,1.25,13971,United Kingdom,30.0
567183,85049G,CHOCOLATE BOX RIBBONS ,2,2011-09-18 15:32:00,1.25,14769,United Kingdom,2.5
580697,22639,SET OF 4 NAPKIN CHARMS HEARTS,3,2011-12-05 16:05:00,0.79,15984,United Kingdom,2.37
547945,20749,ASSORTED COLOUR MINI CASES,2,2011-03-28 14:59:00,7.95,14851,United Kingdom,15.9
557311,82551,LAUNDRY 15C METAL SIGN,2,2011-06-19 15:36:00,1.45,15700,United Kingdom,2.9
550519,23126,FELTCRAFT GIRL AMELIE KIT,4,2011-04-19 09:31:00,4.95,13141,United Kingdom,19.8
578995,20674,GREEN POLKADOT BOWL,2,2011-11-27 15:59:00,1.25,15861,United Kingdom,2.5
546543,22355,CHARLOTTE BAG SUKI DESIGN,2,2011-03-14 15:40:00,0.85,17841,United Kingdom,1.7
550829,23140,TRIPLE WIRE HOOK IVORY HEART,1,2011-04-21 10:19:00,4.15,17841,United Kingdom,4.15
548334,22497,SET OF 2 TINS VINTAGE BATHROOM ,4,2011-03-30 13:56:00,4.25,18108,United Kingdom,17.0
536535,21485,RETROSPOT HEART HOT WATER BOTTLE,3,2010-12-01 13:38:00,4.95,15605,United Kingdom,14.850000000000001
536674,22131,FOOD CONTAINER SET 3 LOVE HEART ,1,2010-12-02 12:16:00,1.95,15923,United Kingdom,1.95
578928,22736,RIBBON REEL MAKING SNOWMEN ,5,2011-11-27 12:29:00,1.65,15443,United Kingdom,8.25
552851,21535,RED RETROSPOT SMALL MILK JUG,12,2011-05-11 15:07:00,2.55,12731,France,30.599999999999998
553490,22437,SET OF 9 BLACK SKULL BALLOONS,20,2011-05-17 12:44:00,0.85,13309,United Kingdom,17.0
570225,22222,CAKE PLATE LOVEBIRD WHITE,1,2011-10-09 13:15:00,4.95,16595,United Kingdom,4.95
548859,22954,HEN PARTY CORDON BARRIER TAPE,3,2011-04-04 13:32:00,1.25,13668,United Kingdom,3.75
538363,35598B,BLACK CHRISTMAS TREE 60CM,4,2010-12-10 17:14:00,2.95,18016,United Kingdom,11.8
547963,22296,HEART IVORY TRELLIS LARGE,12,2011-03-28 15:42:00,1.65,13037,United Kingdom,19.799999999999997
546562,22698,PINK REGENCY TEACUP AND SAUCER,6,2011-03-15 10:45:00,2.95,16293,United Kingdom,17.700000000000003
554356,22328,ROUND SNACK BOXES SET OF 4 FRUITS ,12,2011-05-24 09:25:00,2.95,12670,France,35.400000000000006
538799,21931,JUMBO STORAGE BAG SUKI,10,2010-12-14 11:48:00,1.95,15039,United Kingdom,19.5
560122,18094C,WHITE AND BLUE CERAMIC OIL BURNER,12,2011-07-15 10:33:00,1.25,14332,United Kingdom,15.0
543040,21535,RED RETROSPOT SMALL MILK JUG,1,2011-02-02 17:06:00,2.55,17337,United Kingdom,2.55
554823,20727,LUNCH BAG  BLACK SKULL.,1,2011-05-26 14:20:00,1.65,16624,United Kingdom,1.65
570000,22066,LOVE HEART TRINKET POT,48,2011-10-07 08:55:00,0.39,12420,Cyprus,18.72
539293,21174,POTTERING IN THE SHED METAL SIGN,12,2010-12-16 16:42:00,1.95,18223,United Kingdom,23.4
544477,21166,COOK WITH WINE METAL SIGN ,48,2011-02-21 10:07:00,1.53,16029,United Kingdom,73.44
563268,48194,DOORMAT HEARTS,2,2011-08-15 12:47:00,7.95,13940,United Kingdom,15.9
567460,M,Manual,6,2011-09-20 12:30:00,0.85,15888,United Kingdom,5.1
563533,23321,SMALL WHITE HEART OF WICKER,4,2011-08-17 11:14:00,1.65,16241,United Kingdom,6.6
559981,21430,SET/3 RED GINGHAM ROSE STORAGE BOX,5,2011-07-14 11:30:00,3.75,14562,United Kingdom,18.75
547497,22993,SET OF 4 PANTRY JELLY MOULDS,6,2011-03-23 12:15:00,1.25,14461,United Kingdom,7.5
564734,21624,VINTAGE UNION JACK DOORSTOP,1,2011-08-28 13:32:00,5.95,12484,Spain,5.95
566408,21539,RED RETROSPOT BUTTER DISH,1,2011-09-12 13:43:00,4.95,16984,United Kingdom,4.95
576879,22867,HAND WARMER BIRD DESIGN,12,2011-11-16 16:52:00,2.1,18006,United Kingdom,25.200000000000003
546328,M,Manual,1,2011-03-11 10:19:00,1687.17,14911,EIRE,1687.17
572316,M,Manual,1,2011-10-23 16:13:00,0.38,17836,United Kingdom,0.38
577816,23503,PLAYING CARDS KEEP CALM & CARRY ON,24,2011-11-22 09:17:00,1.25,18139,United Kingdom,30.0
545461,21931,JUMBO STORAGE BAG SUKI,10,2011-03-03 08:24:00,1.95,14388,United Kingdom,19.5
543541,21114,LAVENDER SCENTED FABRIC HEART,10,2011-02-09 14:44:00,1.25,12462,Spain,12.5
539088,20728,LUNCH BAG CARS BLUE,30,2010-12-16 09:45:00,1.65,13093,United Kingdom,49.5
539041,22422,TOOTHPASTE TUBE PEN,6,2010-12-15 15:34:00,0.65,15456,United Kingdom,3.9000000000000004
543737,84997B,RED 3 PIECE RETROSPOT CUTLERY SET,6,2011-02-11 12:45:00,3.75,12477,Germany,22.5
557763,23209,LUNCH BAG DOILEY PATTERN ,10,2011-06-22 14:10:00,1.65,17669,United Kingdom,16.5
578858,22065,CHRISTMAS PUDDING TRINKET POT ,4,2011-11-27 11:22:00,0.39,18145,United Kingdom,1.56
559921,23255,CHILDRENS CUTLERY CIRCUS PARADE,1,2011-07-13 15:42:00,4.15,13667,United Kingdom,4.15
564640,23263,SET OF 3 WOODEN HEART DECORATIONS,12,2011-08-26 13:00:00,1.25,14837,United Kingdom,15.0
563617,21708,FOLDING UMBRELLA CREAM POLKADOT,8,2011-08-18 09:45:00,4.95,15301,United Kingdom,39.6
577508,23270,SET OF 2 CERAMIC PAINTED HEARTS ,2,2011-11-20 12:45:00,1.45,18127,United Kingdom,2.9
561873,22758,LARGE PURPLE BABUSHKA NOTEBOOK  ,1,2011-07-31 11:48:00,1.25,13316,United Kingdom,1.25
555025,22624,IVORY KITCHEN SCALES,2,2011-05-31 11:21:00,8.5,17648,United Kingdom,17.0
562031,90161C,ANT COPPER LIME BOUDICCA BRACELET,1,2011-08-01 17:37:00,4.95,16984,United Kingdom,4.95
557636,22604,SET OF 4 NAPKIN CHARMS CUTLERY,2,2011-06-21 15:41:00,2.55,17841,United Kingdom,5.1
568230,23396,LE JARDIN BOTANIQUE CUSHION COVER,4,2011-09-26 11:05:00,3.75,12925,United Kingdom,15.0
577108,22150,3 STRIPEY MICE FELTCRAFT,2,2011-11-17 17:34:00,1.95,15983,United Kingdom,3.9
581149,21714,CITRONELLA CANDLE GARDEN POT,6,2011-12-07 14:12:00,1.25,15471,United Kingdom,7.5
573576,35970,ZINC FOLKART SLEIGH BELLS,1,2011-10-31 14:09:00,4.13,14096,United Kingdom,4.13
578926,22759,SET OF 3 NOTEBOOKS IN PARCEL,1,2011-11-27 12:24:00,1.65,18156,United Kingdom,1.65
537691,22147,FELTCRAFT BUTTERFLY HEARTS,12,2010-12-08 10:39:00,1.45,13842,United Kingdom,17.4
567973,21407,BROWN CHECK CAT DOORSTOP ,3,2011-09-23 10:17:00,4.25,13994,United Kingdom,12.75
559549,22197,POPCORN HOLDER,4,2011-07-10 15:25:00,0.85,13230,United Kingdom,3.4
539663,72741,GRAND CHOCOLATECANDLE,1,2010-12-21 10:26:00,1.45,17961,United Kingdom,1.45
571106,35970,ZINC FOLKART SLEIGH BELLS,6,2011-10-13 16:14:00,1.69,14976,United Kingdom,10.14
563245,21976,PACK OF 60 MUSHROOM CAKE CASES,1,2011-08-15 10:53:00,0.55,16272,United Kingdom,0.55
545894,22247,BUNNY DECORATION MAGIC GARDEN,6,2011-03-07 17:04:00,0.85,16242,United Kingdom,5.1
576851,22154,ANGEL DECORATION 3 BUTTONS ,3,2011-11-16 15:41:00,0.42,15967,United Kingdom,1.26
556494,84997D,CHILDRENS CUTLERY POLKADOT PINK,4,2011-06-12 14:57:00,4.15,17802,United Kingdom,16.6
541849,21535,RED RETROSPOT SMALL MILK JUG,1,2011-01-23 13:34:00,2.55,13230,United Kingdom,2.55
566734,22759,SET OF 3 NOTEBOOKS IN PARCEL,1,2011-09-14 14:09:00,1.65,16910,United Kingdom,1.65
578818,21616,4 PEAR BOTANICAL DINNER CANDLES,1,2011-11-25 13:47:00,1.25,17920,United Kingdom,1.25
579503,20713,JUMBO BAG OWLS,1,2011-11-29 16:23:00,2.08,17097,Spain,2.08
538011,21169,YOU'RE CONFUSING ME METAL SIGN ,3,2010-12-09 12:24:00,1.69,14896,United Kingdom,5.07
580981,85099C,JUMBO  BAG BAROQUE BLACK WHITE,10,2011-12-06 16:02:00,2.08,16201,United Kingdom,20.8
560504,21354,TOAST ITS - BEST MUM,12,2011-07-19 11:47:00,1.25,13081,United Kingdom,15.0
553203,22742,MAKE YOUR OWN PLAYTIME CARD KIT,6,2011-05-15 16:10:00,2.95,14911,EIRE,17.700000000000003
554505,21136,PAINTED METAL PEARS ASSORTED,16,2011-05-24 15:14:00,1.69,17521,United Kingdom,27.04
569533,21535,RED RETROSPOT SMALL MILK JUG,1,2011-10-04 15:21:00,2.55,16374,United Kingdom,2.55
553134,21201,TROPICAL  HONEYCOMB PAPER GARLAND ,12,2011-05-13 12:50:00,2.55,15382,United Kingdom,30.599999999999998
566217,22578,WOODEN STAR CHRISTMAS SCANDINAVIAN,1,2011-09-09 15:17:00,1.63,14096,United Kingdom,1.63
578843,23439,HAND WARMER RED LOVE HEART,1,2011-11-25 16:13:00,2.1,17813,United Kingdom,2.1
563094,17003,BROCADE RING PURSE ,36,2011-08-11 17:35:00,0.29,14525,United Kingdom,10.44
565434,23208,LUNCH BAG VINTAGE LEAF DESIGN,5,2011-09-04 13:35:00,1.65,12867,United Kingdom,8.25
572719,23499,SET 12 VINTAGE DOILY CHALK ,24,2011-10-25 15:03:00,0.42,13871,United Kingdom,10.08
558328,22963,JAM JAR WITH GREEN LID,12,2011-06-28 12:09:00,0.85,15146,United Kingdom,10.2
550193,22212,FOUR HOOK  WHITE LOVEBIRDS,6,2011-04-15 09:27:00,2.1,13952,United Kingdom,12.600000000000001
545001,22908,PACK OF 20 NAPKINS RED APPLES,12,2011-02-25 12:40:00,0.85,16841,United Kingdom,10.2
577299,23204,CHARLOTTE BAG APPLES DESIGN,10,2011-11-18 12:52:00,0.85,12498,Germany,8.5
561359,20724,RED RETROSPOT CHARLOTTE BAG,20,2011-07-26 15:29:00,0.85,17160,United Kingdom,17.0
545738,22197,SMALL POPCORN HOLDER,36,2011-03-07 11:44:00,0.85,17571,United Kingdom,30.599999999999998
553538,21974,SET OF 36 PAISLEY FLOWER DOILIES,1,2011-05-17 15:26:00,1.45,15855,United Kingdom,1.45
546236,22568,FELTCRAFT CUSHION OWL,4,2011-03-10 12:48:00,3.75,12370,Cyprus,15.0
538053,82580,BATHROOM METAL SIGN,25,2010-12-09 13:34:00,0.55,15856,United Kingdom,13.750000000000002
576857,23499,SET 12 VINTAGE DOILY CHALK ,2,2011-11-16 15:52:00,0.42,12748,United Kingdom,0.84
571214,21813,GARLAND WITH STARS AND BELLS,6,2011-10-14 12:56:00,4.95,14390,United Kingdom,29.700000000000003
562273,22699,ROSES REGENCY TEACUP AND SAUCER ,6,2011-08-04 09:55:00,2.95,12502,Spain,17.700000000000003
539019,22694,WICKER STAR ,2,2010-12-15 14:12:00,2.1,17551,United Kingdom,4.2
567206,23201,JUMBO BAG ALPHABET,10,2011-09-19 10:51:00,2.08,13562,United Kingdom,20.8
545050,22760,"TRAY, BREAKFAST IN BED",1,2011-02-27 11:57:00,12.75,15951,United Kingdom,12.75
540463,22467,GUMBALL COAT RACK,12,2011-01-07 13:13:00,2.55,12489,France,30.599999999999998
545933,85014A,BLACK/BLUE POLKADOT UMBRELLA,3,2011-03-08 12:04:00,5.95,13908,United Kingdom,17.85
577480,22154,ANGEL DECORATION 3 BUTTONS ,48,2011-11-20 11:37:00,0.42,14525,United Kingdom,20.16
571669,21787,RAIN PONCHO RETROSPOT,3,2011-10-18 13:11:00,0.85,17758,United Kingdom,2.55
572513,23554,LANDMARK FRAME OXFORD STREET,1,2011-10-24 14:36:00,12.5,16728,United Kingdom,12.5
544569,22669,RED BABY BUNTING ,5,2011-02-21 12:58:00,2.95,16980,United Kingdom,14.75
544664,21531,RED RETROSPOT SUGAR JAM BOWL,6,2011-02-22 14:55:00,2.55,16045,United Kingdom,15.299999999999999
559158,23029,DRAWER KNOB CRACKLE GLAZE GREEN,6,2011-07-06 16:03:00,1.65,17428,United Kingdom,9.899999999999999
565410,23201,JUMBO BAG ALPHABET,10,2011-09-04 11:17:00,2.08,14691,United Kingdom,20.8
554494,21155,RED RETROSPOT PEG BAG,1,2011-05-24 14:00:00,2.55,16327,United Kingdom,2.55
537396,85049A,TRADITIONAL CHRISTMAS RIBBONS,1,2010-12-06 14:08:00,1.25,17223,United Kingdom,1.25
580727,22609,PENS ASSORTED SPACEBALL,5,2011-12-05 17:17:00,1.63,14096,United Kingdom,8.149999999999999
570167,23344,JUMBO BAG 50'S CHRISTMAS ,20,2011-10-07 14:04:00,2.08,15615,United Kingdom,41.6
568319,21137,BLACK RECORD COVER FRAME,48,2011-09-26 13:35:00,3.39,17389,United Kingdom,162.72
569140,22578,WOODEN STAR CHRISTMAS SCANDINAVIAN,24,2011-09-30 14:59:00,0.29,14503,United Kingdom,6.959999999999999
560299,84818,DANISH ROSE PHOTO FRAME,24,2011-07-18 10:28:00,0.79,17593,United Kingdom,18.96
575512,85099B,JUMBO BAG RED RETROSPOT,10,2011-11-10 10:36:00,2.08,14121,United Kingdom,20.8
570210,21698,MOCK LOBSTER FRIDGE MAGNET,2,2011-10-09 10:48:00,0.39,13259,United Kingdom,0.78
562377,23166,MEDIUM CERAMIC TOP STORAGE JAR,12,2011-08-04 15:04:00,1.25,14535,United Kingdom,15.0
572283,23542,WALL ART 70'S ALPHABET ,1,2011-10-23 11:42:00,8.25,15000,United Kingdom,8.25
566599,22717,CARD DOG AND BALL ,12,2011-09-13 15:37:00,0.42,15998,United Kingdom,5.04
572667,22178,VICTORIAN GLASS HANGING T-LIGHT,6,2011-10-25 13:05:00,1.95,15963,United Kingdom,11.7
563503,85227,SET OF 6 3D KIT CARDS FOR KIDS,12,2011-08-17 09:05:00,0.85,16488,United Kingdom,10.2
567619,85099B,JUMBO BAG RED RETROSPOT,10,2011-09-21 12:28:00,2.08,15203,United Kingdom,20.8
549526,22077,6 RIBBONS RUSTIC CHARM,1,2011-04-08 15:49:00,1.65,13630,United Kingdom,1.65
564091,22580,ADVENT CALENDAR GINGHAM SACK,3,2011-08-23 09:57:00,5.95,15804,United Kingdom,17.85
549711,22483,RED GINGHAM TEDDY BEAR ,6,2011-04-11 14:07:00,2.95,13654,United Kingdom,17.700000000000003
543820,22444,GROW YOUR OWN PLANT IN A CAN ,16,2011-02-13 16:05:00,1.25,16084,United Kingdom,20.0
578270,21212,PACK OF 72 RETROSPOT CAKE CASES,6,2011-11-23 13:39:00,1.25,14096,United Kingdom,7.5
536956,85152,HAND OVER THE CHOCOLATE   SIGN ,12,2010-12-03 12:43:00,2.1,14210,United Kingdom,25.200000000000003
560105,22233,JIGSAW RABBIT AND BIRDHOUSE,3,2011-07-14 19:23:00,0.59,16794,United Kingdom,1.77
570016,22961,JAM MAKING SET PRINTED,12,2011-10-07 10:06:00,1.45,14911,EIRE,17.4
548801,84380,SET OF 3 BUTTERFLY COOKIE CUTTERS,12,2011-04-04 12:44:00,1.25,15289,United Kingdom,15.0
537334,16169N,WRAP BLUE RUSSIAN FOLKART,25,2010-12-06 12:06:00,0.42,16719,United Kingdom,10.5
560203,48111,DOORMAT 3 SMILEY CATS,10,2011-07-15 13:13:00,6.75,15311,United Kingdom,67.5
573323,22096,PINK PAISLEY SQUARE TISSUE BOX ,1,2011-10-30 10:54:00,0.39,15708,United Kingdom,0.39
555554,22626,BLACK KITCHEN SCALES,2,2011-06-05 13:46:00,8.5,13742,United Kingdom,17.0
558642,21900,"KEY FOB , SHED",24,2011-07-01 09:47:00,0.65,17667,United Kingdom,15.600000000000001
573361,23207,LUNCH BAG ALPHABET DESIGN,1,2011-10-30 12:53:00,1.65,14456,United Kingdom,1.65
571912,84755,COLOUR GLASS T-LIGHT HOLDER HANGING,144,2011-10-19 15:26:00,0.55,17512,United Kingdom,79.2
541523,22700,BLACK AND WHITE DOG BOWL,1,2011-01-19 10:09:00,2.95,17708,United Kingdom,2.95
574962,23453,OVAL  MINI PORTRAIT FRAME,8,2011-11-08 10:26:00,1.95,15194,United Kingdom,15.6
541289,90214K,"LETTER ""K"" BLING KEY RING",2,2011-01-17 13:23:00,1.25,14606,United Kingdom,2.5
560251,21725,SWEETIES  STICKERS,1,2011-07-17 12:32:00,0.85,17774,United Kingdom,0.85
550838,22412,METAL SIGN NEIGHBOURHOOD WITCH ,2,2011-04-21 11:31:00,2.1,14577,United Kingdom,4.2
579167,21534,DAIRY MAID LARGE MILK JUG,1,2011-11-28 14:06:00,4.95,16800,United Kingdom,4.95
544101,22483,RED GINGHAM TEDDY BEAR ,6,2011-02-16 10:32:00,2.95,16378,United Kingdom,17.700000000000003
546365,21977,PACK OF 60 PINK PAISLEY CAKE CASES,24,2011-03-11 11:35:00,0.55,12520,Germany,13.200000000000001
558707,22499,WOODEN UNION JACK BUNTING,1,2011-07-01 12:58:00,5.95,12748,United Kingdom,5.95
574301,22750,FELTCRAFT PRINCESS LOLA DOLL,4,2011-11-03 16:15:00,3.75,12544,Spain,15.0
563371,23206,LUNCH BAG APPLE DESIGN,10,2011-08-16 09:39:00,1.65,14006,United Kingdom,16.5
567183,23193,BUFFALO BILL TREASURE BOOK BOX,2,2011-09-18 15:32:00,2.25,14769,United Kingdom,4.5
547549,20728,LUNCH BAG CARS BLUE,10,2011-03-23 15:40:00,1.65,14794,United Kingdom,16.5
548011,22328,ROUND SNACK BOXES SET OF 4 FRUITS ,144,2011-03-29 11:14:00,2.55,14646,Netherlands,367.2
580318,22384,LUNCH BAG PINK POLKADOT,10,2011-12-02 15:39:00,1.65,17686,United Kingdom,16.5
540179,22728,ALARM CLOCK BAKELIKE PINK,4,2011-01-05 12:54:00,3.75,16033,United Kingdom,15.0
543800,85205B,PINK FELT EASTER RABBIT GARLAND,2,2011-02-13 11:36:00,2.55,17282,United Kingdom,5.1
567866,22423,REGENCY CAKESTAND 3 TIER,3,2011-09-22 14:13:00,12.75,16669,United Kingdom,38.25
536945,37489B,BLUE/YELLOW FLOWER DESIGN BIG MUG,1,2010-12-03 12:24:00,1.95,14083,United Kingdom,1.95
567971,22616,PACK OF 12 LONDON TISSUES ,96,2011-09-23 10:04:00,0.39,16681,United Kingdom,37.44
569103,23425,STORAGE TIN HOME SWEET HOME,6,2011-09-30 12:30:00,2.49,16133,United Kingdom,14.940000000000001
548011,22399,MAGNETS PACK OF 4 CHILDHOOD MEMORY,108,2011-03-29 11:14:00,1.06,14646,Netherlands,114.48
565865,22326,ROUND SNACK BOXES SET OF4 WOODLAND ,6,2011-09-07 15:07:00,2.95,12637,France,17.700000000000003
539042,21137,BLACK RECORD COVER FRAME,4,2010-12-15 15:37:00,3.75,15062,United Kingdom,15.0
579273,21500,PINK POLKADOT WRAP ,25,2011-11-29 10:00:00,0.42,15197,United Kingdom,10.5
547074,23184,BULL DOG BOTTLE OPENER,4,2011-03-20 14:35:00,4.95,13102,United Kingdom,19.8
575898,85049H,URBAN BLACK RIBBONS ,2,2011-11-11 15:08:00,1.25,16368,United Kingdom,2.5
569832,21231,SWEETHEART CERAMIC TRINKET BOX,12,2011-10-06 12:51:00,1.25,15315,United Kingdom,15.0
559302,22194,BLACK DINER WALL CLOCK,1,2011-07-07 12:47:00,8.5,14527,United Kingdom,8.5
572853,20705,MRS ROBOT SOFT TOY,2,2011-10-26 12:28:00,6.95,17712,United Kingdom,13.9
542080,21430,SET/3 RED GINGHAM ROSE STORAGE BOX,4,2011-01-25 12:16:00,3.75,13815,Germany,15.0
563241,20726,LUNCH BAG WOODLAND,10,2011-08-15 10:22:00,1.65,12758,Portugal,16.5
540163,21947,SET OF 6 HEART CHOPSTICKS,12,2011-01-05 11:52:00,1.25,13089,United Kingdom,15.0
561204,22712,CARD DOLLY GIRL ,12,2011-07-25 15:22:00,0.42,12836,United Kingdom,5.04
552844,22554,PLASTERS IN TIN WOODLAND ANIMALS,12,2011-05-11 14:37:00,1.65,12649,Germany,19.799999999999997
579345,POST,POSTAGE,4,2011-11-29 11:46:00,18.0,12727,France,72.0
575188,20749,ASSORTED COLOUR MINI CASES,2,2011-11-09 09:07:00,7.95,16759,United Kingdom,15.9
536946,22699,ROSES REGENCY TEACUP AND SAUCER ,12,2010-12-03 12:28:00,2.95,13013,United Kingdom,35.400000000000006
556876,23308,SET OF 60 VINTAGE LEAF CAKE CASES ,1,2011-06-15 11:56:00,0.55,16241,United Kingdom,0.55
563580,85017B,ENVELOPE 50 BLOSSOM IMAGES,3,2011-08-17 15:53:00,0.42,16706,United Kingdom,1.26
578033,22942,CHRISTMAS LIGHTS 10 SANTAS ,4,2011-11-22 13:42:00,8.5,12656,France,34.0
539317,22600,CHRISTMAS RETROSPOT STAR WOOD,1,2010-12-16 19:04:00,0.85,17392,United Kingdom,0.85
567303,84836,ZINC METAL HEART DECORATION,12,2011-09-19 13:20:00,1.25,17613,United Kingdom,15.0
569790,51014A,"FEATHER PEN,HOT PINK",12,2011-10-06 11:42:00,0.39,15910,United Kingdom,4.68
539461,21034,REX CASH+CARRY JUMBO SHOPPER,3,2010-12-19 10:21:00,0.95,17243,United Kingdom,2.8499999999999996
576649,22866,HAND WARMER SCOTTY DOG DESIGN,1,2011-11-16 10:32:00,2.1,16008,United Kingdom,2.1
539982,21832,CHOCOLATE CALCULATOR,1,2010-12-23 14:40:00,1.65,15311,United Kingdom,1.65
548309,22991,GIRAFFE WOODEN RULER,1,2011-03-30 12:02:00,1.95,16657,United Kingdom,1.95
558568,47566,PARTY BUNTING,8,2011-06-30 14:37:00,4.95,16316,United Kingdom,39.6
542241,22763,KEY CABINET MA CAMPAGNE,1,2011-01-26 14:51:00,9.95,16409,United Kingdom,9.95
555920,48173C,DOORMAT BLACK FLOCK ,200,2011-06-07 16:35:00,4.58,18102,United Kingdom,916.0
545910,21212,PACK OF 72 RETROSPOT CAKE CASES,24,2011-03-08 10:04:00,0.55,14586,United Kingdom,13.200000000000001
568166,23365,SET 12 COLOUR PENCILS LOVE LONDON,5,2011-09-25 12:45:00,0.65,14800,United Kingdom,3.25
574559,22629,SPACEBOY LUNCH BOX ,1,2011-11-04 15:50:00,1.95,14056,United Kingdom,1.95
576051,22699,ROSES REGENCY TEACUP AND SAUCER ,12,2011-11-13 14:45:00,2.95,14911,EIRE,35.400000000000006
575335,23203,JUMBO BAG DOILEY PATTERNS,300,2011-11-09 13:56:00,1.79,12931,United Kingdom,537.0
569571,23437, 50'S CHRISTMAS GIFT BAG LARGE,400,2011-10-05 10:09:00,1.04,16684,United Kingdom,416.0
568894,23108,SET OF 10 LED DOLLY LIGHTS,3,2011-09-29 13:04:00,6.25,17528,United Kingdom,18.75
557872,22147,FELTCRAFT BUTTERFLY HEARTS,12,2011-06-23 12:42:00,1.45,14911,EIRE,17.4
575607,22544,MINI JIGSAW SPACEBOY,1,2011-11-10 12:37:00,0.83,14096,United Kingdom,0.83
543831,21929,JUMBO BAG PINK VINTAGE PAISLEY,100,2011-02-14 09:57:00,1.65,15769,United Kingdom,165.0
560300,90030B,RED KUKUI COCONUT SEED NECKLACE,6,2011-07-18 10:29:00,1.0,14911,EIRE,6.0
539921,22123,PING MICROWAVE APRON,1,2010-12-23 11:09:00,5.95,12748,United Kingdom,5.95
573300,22139,RETROSPOT TEA SET CERAMIC 11 PC ,1,2011-10-28 16:10:00,4.95,16049,United Kingdom,4.95
561625,16238,PARTY TIME PENCIL ERASERS,28,2011-07-28 14:03:00,0.21,16843,United Kingdom,5.88
544077,20857,BLUE ROSE PATCH PURSE PINK BUTTERFL,4,2011-02-15 15:04:00,1.65,14825,United Kingdom,6.6
552551,23208,LUNCH BAG VINTAGE LEAF DESIGN,10,2011-05-10 10:45:00,1.65,15433,United Kingdom,16.5
545410,22178,VICTORIAN GLASS HANGING T-LIGHT,12,2011-03-02 12:18:00,1.25,16670,United Kingdom,15.0
567899,22037,ROBOT BIRTHDAY CARD,12,2011-09-22 16:26:00,0.42,14911,EIRE,5.04
569828,22526,WHEELBARROW FOR CHILDREN ,1,2011-10-06 12:35:00,12.75,14527,United Kingdom,12.75
569228,22026,BANQUET BIRTHDAY  CARD  ,12,2011-10-02 14:47:00,0.42,15547,United Kingdom,5.04
559665,22597,MUSICAL ZINC HEART DECORATION ,3,2011-07-11 13:35:00,0.85,12556,Spain,2.55
540992,22983,CARD BILLBOARD FONT,12,2011-01-12 16:57:00,0.42,17364,United Kingdom,5.04
562031,21257,VICTORIAN SEWING BOX MEDIUM,1,2011-08-01 17:37:00,7.95,16984,United Kingdom,7.95
552624,23056,FLOWERS CHANDELIER T-LIGHT HOLDER,4,2011-05-10 12:53:00,6.25,14505,United Kingdom,25.0
536392,22827,RUSTIC  SEVENTEEN DRAWER SIDEBOARD,1,2010-12-01 10:29:00,165.0,13705,United Kingdom,165.0
561806,22197,POPCORN HOLDER,12,2011-07-29 14:55:00,0.85,12839,United Kingdom,10.2
541659,22469,HEART OF WICKER SMALL,12,2011-01-20 12:16:00,1.65,15262,United Kingdom,19.799999999999997
555841,84192,ASSORTED COLOUR METAL CAT ,6,2011-06-07 12:47:00,1.25,14583,United Kingdom,7.5
541794,22411,JUMBO SHOPPER VINTAGE RED PAISLEY,2,2011-01-21 13:21:00,1.95,17238,United Kingdom,3.9
573400,22485,SET OF 2 WOODEN MARKET CRATES,2,2011-10-30 15:38:00,12.75,17796,United Kingdom,25.5
541660,72351A,SET/6 TURQUOISE BUTTERFLY T-LIGHTS,3,2011-01-20 12:20:00,2.1,17787,United Kingdom,6.300000000000001
536821,22867,HAND WARMER BIRD DESIGN,1,2010-12-02 17:17:00,2.1,17757,United Kingdom,2.1
564203,23330,DECORATIVE WICKER HEART MEDIUM,24,2011-08-24 08:49:00,1.25,18061,United Kingdom,30.0
568539,23236,STORAGE TIN VINTAGE DOILY ,6,2011-09-27 14:07:00,2.89,13016,United Kingdom,17.34
536562,37446,MINI CAKE STAND WITH HANGING CAKES,8,2010-12-01 15:08:00,1.45,13468,United Kingdom,11.6
563571,22995,TRAVEL CARD WALLET SUKI,2,2011-08-17 14:58:00,0.42,15541,United Kingdom,0.84
576581,23200,JUMBO BAG PEARS,10,2011-11-15 14:15:00,2.08,15955,United Kingdom,20.8
545188,48184,DOORMAT ENGLISH ROSE ,1,2011-02-28 15:19:00,7.95,14056,United Kingdom,7.95
537250,84030E,ENGLISH ROSE HOT WATER BOTTLE,4,2010-12-06 10:43:00,4.25,12708,Germany,17.0
560710,23296,SET OF 6 TEA TIME BAKING CASES,1,2011-07-20 12:51:00,1.25,14646,Netherlands,1.25
575972,23323,WHITE WICKER STAR ,2,2011-11-13 13:01:00,2.1,14499,United Kingdom,4.2
564962,20992,JAZZ HEARTS PURSE NOTEBOOK,6,2011-08-31 14:35:00,0.39,17777,United Kingdom,2.34
549291,22293,HANGING CHICK GREEN DECORATION,1,2011-04-07 19:05:00,1.45,16261,United Kingdom,1.45
559921,85071D,CHARLIE+LOLA MY ROOM DOOR SIGN,5,2011-07-13 15:42:00,0.39,13667,United Kingdom,1.9500000000000002
550639,21790,VINTAGE SNAP CARDS,24,2011-04-19 15:46:00,0.85,14152,United Kingdom,20.4
567524,22361,GLASS JAR DAISY FRESH COTTON WOOL,6,2011-09-21 08:55:00,2.95,15696,United Kingdom,17.700000000000003
574029,23274,STAR T-LIGHT HOLDER WILLIE WINKIE,24,2011-11-02 12:34:00,1.65,12955,United Kingdom,39.599999999999994
559791,23208,LUNCH BAG VINTAGE LEAF DESIGN,10,2011-07-12 12:24:00,1.65,17675,United Kingdom,16.5
565648,21394,RED POLKADOT BEAKER ,6,2011-09-05 16:22:00,0.39,18196,United Kingdom,2.34
554672,85099B,JUMBO BAG RED RETROSPOT,10,2011-05-25 15:54:00,2.08,14415,United Kingdom,20.8
539338,84992,72 SWEETHEART FAIRY CAKE CASES,240,2010-12-17 10:54:00,0.55,17404,Sweden,132.0
548359,21790,VINTAGE SNAP CARDS,72,2011-03-30 15:31:00,0.72,14828,United Kingdom,51.839999999999996
572331,21790,VINTAGE SNAP CARDS,12,2011-10-24 10:18:00,0.85,16491,United Kingdom,10.2
541947,20750,RED RETROSPOT MINI CASES,2,2011-01-24 11:56:00,7.95,18161,United Kingdom,15.9
572318,21166,COOK WITH WINE METAL SIGN ,1,2011-10-23 16:19:00,2.08,15436,United Kingdom,2.08
565631,21430,SET/3 RED GINGHAM ROSE STORAGE BOX,24,2011-09-05 15:49:00,3.39,14680,United Kingdom,81.36
553388,22773,GREEN DRAWER KNOB ACRYLIC EDWARDIAN,3,2011-05-16 16:36:00,1.25,15910,United Kingdom,3.75
575491,21992,VINTAGE PAISLEY STATIONERY SET,2,2011-11-09 17:47:00,1.25,15531,United Kingdom,2.5
556195,23236,DOILEY STORAGE TIN,6,2011-06-09 12:21:00,2.89,16745,United Kingdom,17.34
579399,22372,AIRLINE BAG VINTAGE WORLD CHAMPION ,1,2011-11-29 12:09:00,4.25,13137,United Kingdom,4.25
537131,22173,METAL 4 HOOK HANGER FRENCH CHATEAU,2,2010-12-05 12:26:00,2.95,15716,United Kingdom,5.9
557793,21843,RED RETROSPOT CAKE STAND,4,2011-06-22 17:30:00,10.95,14998,United Kingdom,43.8
537435,21069,VINTAGE BILLBOARD TEA MUG,6,2010-12-06 16:58:00,1.25,17920,United Kingdom,7.5
543354,22286,"DECORATION , WOBBLY RABBIT , METAL ",12,2011-02-07 13:50:00,1.65,13458,United Kingdom,19.799999999999997
563638,21790,VINTAGE SNAP CARDS,2,2011-08-18 10:36:00,0.85,15311,United Kingdom,1.7
552521,23190,BUNDLE OF 3 SCHOOL EXERCISE BOOKS  ,12,2011-05-09 16:35:00,1.65,16668,United Kingdom,19.799999999999997
561862,22744,MAKE YOUR OWN MONSOON CARD KIT,1,2011-07-31 10:38:00,2.95,15569,United Kingdom,2.95
556883,23094,LE GRAND TRAY CHIC SET,1,2011-06-15 12:24:00,12.5,13343,United Kingdom,12.5
542796,22261,FELT EGG COSY WHITE RABBIT ,10,2011-02-01 11:07:00,0.85,17356,United Kingdom,8.5
558613,22440,BALLOON WATER BOMB PACK OF 35,20,2011-06-30 15:46:00,0.42,14911,EIRE,8.4
578928,23498,CLASSIC BICYCLE CLIPS ,5,2011-11-27 12:29:00,1.45,15443,United Kingdom,7.25
577483,22227,HANGING HEART MIRROR DECORATION ,4,2011-11-20 11:50:00,0.65,14502,United Kingdom,2.6
554009,22089,PAPER BUNTING VINTAGE PAISLEY,6,2011-05-20 12:38:00,2.95,12935,United Kingdom,17.700000000000003
562046,23229,VINTAGE DONKEY TAIL GAME ,6,2011-08-02 10:34:00,3.75,12378,Switzerland,22.5
579408,22733,3D TRADITIONAL CHRISTMAS STICKERS,2,2011-11-29 12:34:00,1.25,14701,United Kingdom,2.5
541286,21844,RED RETROSPOT MUG,6,2011-01-17 13:08:00,2.95,13982,United Kingdom,17.700000000000003
572465,23397,FOOT STOOL HOME SWEET HOME ,2,2011-10-24 13:26:00,9.95,14474,United Kingdom,19.9
539075,84029G,KNITTED UNION FLAG HOT WATER BOTTLE,4,2010-12-15 17:28:00,3.75,17189,United Kingdom,15.0
547103,21870,I CAN ONLY PLEASE ONE PERSON MUG,6,2011-03-21 10:54:00,1.25,15218,United Kingdom,7.5
581166,23235,STORAGE TIN VINTAGE LEAF,1,2011-12-07 14:43:00,1.25,15525,United Kingdom,1.25
562984,21790,VINTAGE SNAP CARDS,1,2011-08-11 11:45:00,0.85,17841,United Kingdom,0.85
565151,22799,SWEETHEART WIRE FRUIT BOWL,1,2011-09-01 14:29:00,8.5,16923,United Kingdom,8.5
542862,21156,RETROSPOT CHILDRENS APRON,1,2011-02-01 11:51:00,1.95,14606,United Kingdom,1.95
561807,23203,JUMBO BAG DOILEY PATTERNS,10,2011-07-29 15:02:00,2.08,17491,United Kingdom,20.8
581405,23366,SET 12 COLOURING PENCILS DOILY,1,2011-12-08 13:50:00,0.65,13521,United Kingdom,0.65
565491,22738,RIBBON REEL SNOWY VILLAGE,120,2011-09-05 11:41:00,1.45,13881,United Kingdom,174.0
573695,23558,LANDMARK FRAME LONDON BRIDGE ,2,2011-10-31 17:13:00,12.5,15023,United Kingdom,25.0
544804,22501,PICNIC BASKET WICKER LARGE,4,2011-02-23 14:40:00,9.95,17504,United Kingdom,39.8
548608,23181,BULL DOG BOTTLE TOP WALL CLOCK,2,2011-04-01 11:20:00,8.25,13462,United Kingdom,16.5
567794,21929,JUMBO BAG PINK VINTAGE PAISLEY,20,2011-09-22 11:41:00,1.79,17581,United Kingdom,35.8
537389,22197,SMALL POPCORN HOLDER,10,2010-12-06 13:41:00,0.85,17757,United Kingdom,8.5
560105,20984,12 PENCILS TALL TUBE POSY,4,2011-07-14 19:23:00,0.29,16794,United Kingdom,1.16
537242,21985,PACK OF 12 HEARTS DESIGN TISSUES ,24,2010-12-06 10:19:00,0.29,14748,United Kingdom,6.959999999999999
578041,23127,FELTCRAFT GIRL NICOLE KIT,3,2011-11-22 14:23:00,4.95,17338,United Kingdom,14.850000000000001
553913,48187,DOORMAT NEW ENGLAND,2,2011-05-19 19:47:00,7.95,18109,United Kingdom,15.9
576400,84879,ASSORTED COLOUR BIRD ORNAMENT,16,2011-11-15 10:51:00,1.69,13632,United Kingdom,27.04
570127,21242,RED RETROSPOT PLATE ,3,2011-10-07 13:17:00,1.69,16900,United Kingdom,5.07
571940,23351,ROLL WRAP 50'S CHRISTMAS,12,2011-10-20 09:57:00,1.25,15301,United Kingdom,15.0
556434,21658,GLASS  BEURRE DISH,6,2011-06-10 14:06:00,3.95,14895,United Kingdom,23.700000000000003
541854,22649,STRAWBERRY FAIRY CAKE TEAPOT,1,2011-01-23 14:58:00,4.95,18283,United Kingdom,4.95
566394,23201,JUMBO BAG ALPHABET,10,2011-09-12 12:45:00,2.08,13650,United Kingdom,20.8
550106,22607,WOODEN ROUNDERS GARDEN SET ,1,2011-04-14 12:31:00,9.95,13772,United Kingdom,9.95
574227,84692,BOX OF 24 COCKTAIL PARASOLS,25,2011-11-03 12:18:00,0.42,16992,United Kingdom,10.5
576784,21158,MOODY GIRL DOOR HANGER ,2,2011-11-16 13:40:00,0.39,16204,United Kingdom,0.78
567280,23290,SPACEBOY CHILDRENS BOWL,144,2011-09-19 11:46:00,1.05,14646,Netherlands,151.20000000000002
574710,22553,PLASTERS IN TIN SKULLS,2,2011-11-06 14:17:00,1.65,15427,United Kingdom,3.3
572906,22386,JUMBO BAG PINK POLKADOT,10,2011-10-26 15:43:00,2.08,17557,United Kingdom,20.8
581449,22703,PINK CAT BOWL,1,2011-12-08 17:37:00,0.59,12748,United Kingdom,0.59
540858,22424,ENAMEL BREAD BIN CREAM,1,2011-01-12 10:49:00,12.75,16359,United Kingdom,12.75
555162,POST,POSTAGE,4,2011-06-01 10:15:00,18.0,12473,Germany,72.0
557007,84755,COLOUR GLASS T-LIGHT HOLDER HANGING,8,2011-06-16 11:30:00,0.65,12484,Spain,5.2
542836,22758,LARGE PURPLE BABUSHKA NOTEBOOK  ,1,2011-02-01 11:31:00,1.25,16745,United Kingdom,1.25
544465,17107D,"FLOWER FAIRY,5 SUMMER B'DRAW LINERS",6,2011-02-20 15:06:00,2.55,13168,United Kingdom,15.299999999999999
556491,22230,JIGSAW TREE WITH WATERING CAN,6,2011-06-12 14:15:00,0.29,16794,United Kingdom,1.7399999999999998
555572,21791,VINTAGE HEADS AND TAILS CARD GAME ,12,2011-06-05 15:37:00,1.25,12449,Belgium,15.0
569262,22969,HOMEMADE JAM SCENTED CANDLES,12,2011-10-03 11:36:00,1.45,14815,United Kingdom,17.4
557057,23110,PARISIENNE KEY CABINET ,4,2011-06-16 14:46:00,5.75,16843,United Kingdom,23.0
575932,22579,WOODEN TREE CHRISTMAS SCANDINAVIAN,15,2011-11-13 10:35:00,0.29,16923,United Kingdom,4.35
540472,21700,BIG DOUGHNUT FRIDGE MAGNETS,12,2011-01-07 14:22:00,0.85,18179,United Kingdom,10.2
566091,21485,RETROSPOT HEART HOT WATER BOTTLE,1,2011-09-09 10:37:00,4.95,17870,United Kingdom,4.95
546091,22384,LUNCH BAG PINK POLKADOT,10,2011-03-09 11:53:00,1.65,14936,Channel Islands,16.5
559678,21974,SET OF 36 PAISLEY FLOWER DOILIES,1,2011-07-11 14:43:00,1.45,16033,United Kingdom,1.45
563562,85099B,JUMBO BAG RED RETROSPOT,100,2011-08-17 14:02:00,1.74,16029,United Kingdom,174.0
562574,22147,FELTCRAFT BUTTERFLY HEARTS,3,2011-08-07 12:42:00,1.45,14903,United Kingdom,4.35
574240,22113,GREY HEART HOT WATER BOTTLE,1,2011-11-03 12:45:00,4.25,15998,United Kingdom,4.25
541215,22188,BLACK HEART CARD HOLDER,8,2011-01-14 13:42:00,3.95,14329,United Kingdom,31.6
537248,79030D,"TUMBLER, BAROQUE",6,2010-12-06 10:36:00,1.65,15899,United Kingdom,9.899999999999999
575326,23082,SET 6 PAPER TABLE LANTERN HEARTS ,6,2011-11-09 13:47:00,3.75,12532,France,22.5
537051,22300,COFFEE MUG DOG + BALL DESIGN,6,2010-12-05 11:12:00,2.55,15708,United Kingdom,15.299999999999999
546440,21314,SMALL GLASS HEART TRINKET POT,8,2011-03-14 10:31:00,2.1,16871,United Kingdom,16.8
553860,22326,ROUND SNACK BOXES SET OF4 WOODLAND ,1,2011-05-19 13:57:00,2.95,17841,United Kingdom,2.95
556481,22673,FRENCH GARDEN SIGN BLUE METAL,2,2011-06-12 13:00:00,1.25,16115,United Kingdom,2.5
575923,20725,LUNCH BAG RED RETROSPOT,10,2011-11-11 17:11:00,1.65,17069,United Kingdom,16.5
573421,22813,PACK 3 BOXES BIRD PANNETONE ,12,2011-10-31 09:50:00,1.95,14292,United Kingdom,23.4
567473,22227,HANGING HEART MIRROR DECORATION ,3,2011-09-20 12:50:00,0.65,17841,United Kingdom,1.9500000000000002
553658,22488,NATURAL SLATE RECTANGLE CHALKBOARD,12,2011-05-18 11:42:00,1.65,16818,United Kingdom,19.799999999999997
555203,23107,WHITE HEARTS WIRE PLANT POT HOLDER,8,2011-06-01 12:13:00,2.89,17191,United Kingdom,23.12
547049,22178,VICTORIAN GLASS HANGING T-LIGHT,12,2011-03-20 11:56:00,1.25,17134,United Kingdom,15.0
564168,21311,SET/4 BIRD MIRROR MAGNETS ,1,2011-08-23 13:51:00,0.29,16794,United Kingdom,0.29
574714,23265,SET OF 3 WOODEN TREE DECORATIONS,2,2011-11-06 14:29:00,1.25,15427,United Kingdom,2.5
578533,23067,HANGING ENGRAVED METAL HEART,2,2011-11-24 14:42:00,4.15,17767,United Kingdom,8.3
540566,22522,CHILDS GARDEN FORK BLUE ,2,2011-01-10 10:58:00,0.85,17811,United Kingdom,1.7
561869,23148,MINIATURE ANTIQUE ROSE HOOK IVORY,3,2011-07-31 11:38:00,0.83,16764,United Kingdom,2.4899999999999998
574723,23581,JUMBO BAG PAISLEY PARK,10,2011-11-06 14:45:00,2.08,15150,United Kingdom,20.8
552179,21181,PLEASE ONE PERSON METAL SIGN,3,2011-05-06 13:31:00,2.1,16919,United Kingdom,6.300000000000001
560248,22805,BLUE DRAWER KNOB ACRYLIC EDWARDIAN,12,2011-07-17 12:24:00,1.25,16255,United Kingdom,15.0
564323,23200,JUMBO BAG PEARS,100,2011-08-24 13:24:00,1.75,13694,United Kingdom,175.0
578151,23301,GARDENERS KNEELING PAD KEEP CALM ,12,2011-11-23 11:18:00,1.65,16020,United Kingdom,19.799999999999997
563909,22086,PAPER CHAIN KIT 50'S CHRISTMAS ,2,2011-08-21 12:36:00,2.95,15701,United Kingdom,5.9
563227,37447,CERAMIC CAKE DESIGN SPOTTED PLATE,48,2011-08-14 15:33:00,1.25,14301,United Kingdom,60.0
538198,22470,HEART OF WICKER LARGE,3,2010-12-10 11:01:00,2.95,17827,United Kingdom,8.850000000000001
573315,22138,BAKING SET 9 PIECE RETROSPOT ,1,2011-10-28 17:27:00,4.95,17839,United Kingdom,4.95
576779,23392,SPACEBOY ROCKET LOLLY MAKERS,2,2011-11-16 13:25:00,2.08,14554,United Kingdom,4.16
542796,21986,PACK OF 12 PINK POLKADOT TISSUES,12,2011-02-01 11:07:00,0.29,17356,United Kingdom,3.4799999999999995
562371,23295,SET OF 12 MINI LOAF BAKING CASES,12,2011-08-04 14:30:00,0.83,13709,United Kingdom,9.959999999999999
568792,23170,REGENCY TEA PLATE ROSES ,12,2011-09-29 09:53:00,1.65,18192,United Kingdom,19.799999999999997
556198,22690,DOORMAT HOME SWEET HOME BLUE ,1,2011-06-09 12:30:00,7.95,14963,United Kingdom,7.95
550526,22993,SET OF 4 PANTRY JELLY MOULDS,12,2011-04-19 10:40:00,1.25,14309,United Kingdom,15.0
560716,22139,RETROSPOT TEA SET CERAMIC 11 PC ,3,2011-07-20 13:26:00,4.95,17675,United Kingdom,14.850000000000001
545085,21976,PACK OF 60 MUSHROOM CAKE CASES,2,2011-02-28 11:19:00,0.55,15039,United Kingdom,1.1
547870,85150,LADIES & GENTLEMEN METAL SIGN,4,2011-03-27 14:18:00,2.55,13668,United Kingdom,10.2
580046,23158,SET OF 5 LUCKY CAT MAGNETS ,12,2011-12-01 12:42:00,2.08,16156,United Kingdom,24.96
546502,22558,CLOTHES PEGS RETROSPOT PACK 24 ,1,2011-03-14 11:46:00,1.49,16005,United Kingdom,1.49
581118,22081,RIBBON REEL FLORA + FAUNA ,10,2011-12-07 12:26:00,1.65,15136,United Kingdom,16.5
565431,22913,RED COAT RACK PARIS FASHION,2,2011-09-04 13:15:00,4.95,14965,United Kingdom,9.9
538040,22592,CARDHOLDER HOLLY WREATH METAL,1,2010-12-09 13:08:00,3.75,16520,United Kingdom,3.75
545445,20972,PINK CREAM FELT CRAFT TRINKET BOX ,12,2011-03-02 16:26:00,1.25,17738,United Kingdom,15.0
566587,21224,SET/4 SKULL BADGES,10,2011-09-13 14:30:00,1.25,14132,United Kingdom,12.5
560264,22762,CUPBOARD 3 DRAWER MA CAMPAGNE,1,2011-07-17 13:46:00,14.95,12833,United Kingdom,14.95
577052,22313,OFFICE MUG WARMER PINK,3,2011-11-17 14:08:00,2.95,17397,United Kingdom,8.850000000000001
551665,22904,CALENDAR PAPER CUT DESIGN,6,2011-05-03 12:35:00,2.95,17442,United Kingdom,17.700000000000003
543735,22729,ALARM CLOCK BAKELIKE ORANGE,12,2011-02-11 12:32:00,3.75,16191,United Kingdom,45.0
574328,22978,PANTRY ROLLING PIN,6,2011-11-04 09:05:00,3.75,13081,United Kingdom,22.5
552469,22077,6 RIBBONS RUSTIC CHARM,5,2011-05-09 15:34:00,1.65,12867,United Kingdom,8.25
547934,22233,JIGSAW RABBIT AND BIRDHOUSE,12,2011-03-28 14:07:00,1.65,12474,Germany,19.799999999999997
579002,71406C,BLACK ORANGE SQUEEZER,1,2011-11-27 16:27:00,0.42,14093,United Kingdom,0.42
576893,22555,PLASTERS IN TIN STRONGMAN,12,2011-11-17 08:29:00,1.65,12481,Germany,19.799999999999997
573323,23114,VINTAGE LEAF CHOPPING BOARD  ,1,2011-10-30 10:54:00,4.95,15708,United Kingdom,4.95
540099,21658,GLASS  BEURRE DISH,2,2011-01-04 16:41:00,3.95,15808,United Kingdom,7.9
567858,22386,JUMBO BAG PINK POLKADOT,3,2011-09-22 13:50:00,2.08,16813,United Kingdom,6.24
569371,22993,SET OF 4 PANTRY JELLY MOULDS,3,2011-10-03 15:52:00,1.25,14651,United Kingdom,3.75
580695,22910,PAPER CHAIN KIT VINTAGE CHRISTMAS,1,2011-12-05 16:03:00,2.95,13230,United Kingdom,2.95
557785,21634,ASSORTED MINI MADRAS NOTEBOOK,24,2011-06-22 15:50:00,0.39,14364,United Kingdom,9.36
571312,23236,STORAGE TIN VINTAGE DOILY ,6,2011-10-17 10:42:00,2.89,12474,Germany,17.34
575729,84952A,CLEAR LOVE BIRD T-LIGHT HOLDER,6,2011-11-10 19:49:00,3.75,17932,United Kingdom,22.5
570499,22215,CAKE STAND WHITE TWO TIER LACE,2,2011-10-11 09:19:00,8.5,12772,Portugal,17.0
567675,23239,SET OF 4 KNICK KNACK TINS POPPIES,6,2011-09-21 15:54:00,4.15,15351,United Kingdom,24.900000000000002
550993,23205,CHARLOTTE BAG VINTAGE ALPHABET ,10,2011-04-21 19:51:00,0.85,15810,United Kingdom,8.5
577511,22596,CHRISTMAS STAR WISH LIST CHALKBOARD,2,2011-11-20 12:53:00,1.25,17561,United Kingdom,2.5
570188,22147,FELTCRAFT BUTTERFLY HEARTS,40,2011-10-07 15:13:00,1.25,13763,United Kingdom,50.0
574873,22592,CARDHOLDER HOLLY WREATH METAL,5,2011-11-07 13:01:00,3.75,16362,United Kingdom,18.75
547890,84375,SET OF 20 KIDS COOKIE CUTTERS,52,2011-03-28 10:03:00,2.1,17227,United Kingdom,109.2
555644,22791,T-LIGHT GLASS FLUTED ANTIQUE,12,2011-06-06 13:24:00,1.25,16520,United Kingdom,15.0
547251,21908,CHOCOLATE THIS WAY METAL SIGN,12,2011-03-22 09:43:00,2.1,17865,United Kingdom,25.200000000000003
569027,22948,METAL DECORATION NAUGHTY CHILDREN ,24,2011-09-30 10:19:00,0.85,13089,United Kingdom,20.4
564353,22781,GUMBALL MAGAZINE RACK,4,2011-08-24 15:08:00,7.65,15764,United Kingdom,30.6
577008,20727,LUNCH BAG  BLACK SKULL.,1,2011-11-17 12:02:00,1.65,16869,United Kingdom,1.65
561894,47503A,ASS FLORAL PRINT MULTI SCREWDRIVER,4,2011-07-31 15:00:00,0.42,14456,United Kingdom,1.68
536988,22966,GINGERBREAD MAN COOKIE CUTTER,4,2010-12-03 15:05:00,1.25,17238,United Kingdom,5.0
564356,82582,AREA PATROLLED METAL SIGN,12,2011-08-24 15:47:00,2.1,13969,United Kingdom,25.200000000000003
558028,21166,COOK WITH WINE METAL SIGN ,12,2011-06-24 11:39:00,2.08,15128,United Kingdom,24.96
568703,22900,SET 2 TEA TOWELS I LOVE LONDON ,5,2011-09-28 15:21:00,3.25,12748,United Kingdom,16.25
562721,21165,BEWARE OF THE CAT METAL SIGN ,36,2011-08-08 16:31:00,1.69,15985,United Kingdom,60.839999999999996
579605,84879,ASSORTED COLOUR BIRD ORNAMENT,8,2011-11-30 12:01:00,1.69,15024,United Kingdom,13.52
562576,23300,GARDENERS KNEELING PAD CUP OF TEA ,3,2011-08-07 13:08:00,1.65,15518,United Kingdom,4.949999999999999
554072,22150,3 STRIPEY MICE FELTCRAFT,10,2011-05-22 11:24:00,1.95,13555,United Kingdom,19.5
581193,22469,HEART OF WICKER SMALL,1,2011-12-07 17:05:00,1.65,17097,Spain,1.65
578147,22556,PLASTERS IN TIN CIRCUS PARADE ,1,2011-11-23 11:09:00,1.65,12748,United Kingdom,1.65
559016,47566,PARTY BUNTING,12,2011-07-05 13:01:00,4.95,14051,United Kingdom,59.400000000000006
542215,85049H,URBAN BLACK RIBBONS ,12,2011-01-26 12:27:00,1.25,12472,Germany,15.0
537050,22564,ALPHABET STENCIL CRAFT,5,2010-12-05 11:10:00,1.25,14800,United Kingdom,6.25
560212,21638,ASSORTED TUTTI FRUTTI NOTEBOOK,6,2011-07-15 14:58:00,2.1,14722,United Kingdom,12.600000000000001
562560,22665,RECIPE BOX BLUE SKETCHBOOK DESIGN,2,2011-08-05 17:12:00,2.95,14156,EIRE,5.9
577736,23085,ANTIQUE SILVER BAUBLE LAMP  ,2,2011-11-21 13:20:00,10.4,14606,United Kingdom,20.8
577845,22951,60 CAKE CASES DOLLY GIRL DESIGN,24,2011-11-22 10:44:00,0.55,18139,United Kingdom,13.200000000000001
560255,23342,MINT DINER WALL CLOCK,1,2011-07-17 13:08:00,8.5,16054,United Kingdom,8.5
537128,22593,CHRISTMAS GINGHAM STAR,36,2010-12-05 12:15:00,0.85,12841,United Kingdom,30.599999999999998
542105,22469,HEART OF WICKER SMALL,10,2011-01-25 13:35:00,1.65,12854,United Kingdom,16.5
575843,84997D,CHILDRENS CUTLERY POLKADOT PINK,1,2011-11-11 12:02:00,4.15,14446,United Kingdom,4.15
572066,23321,SMALL WHITE HEART OF WICKER,12,2011-10-20 13:07:00,1.65,15159,United Kingdom,19.799999999999997
542241,22766,PHOTO FRAME CORNICE,4,2011-01-26 14:51:00,2.95,16409,United Kingdom,11.8
536783,22536,MAGIC DRAWING SLATE PURDEY,48,2010-12-02 15:19:00,0.36,15061,United Kingdom,17.28
577825,22378,WALL TIDY RETROSPOT ,5,2011-11-22 09:42:00,2.1,17453,United Kingdom,10.5
569546,22720,SET OF 3 CAKE TINS PANTRY DESIGN ,1,2011-10-04 16:39:00,4.95,15276,United Kingdom,4.95
567128,22635,CHILDS BREAKFAST SET DOLLY GIRL ,2,2011-09-16 14:04:00,9.95,18055,United Kingdom,19.9
547106,22411,JUMBO SHOPPER VINTAGE RED PAISLEY,20,2011-03-21 11:24:00,1.95,15039,United Kingdom,39.0
574292,23438, RED SPOT GIFT BAG LARGE,40,2011-11-03 15:27:00,1.25,16914,United Kingdom,50.0
571461,35924,HANGING FAIRY CAKE DECORATION,2,2011-10-17 14:12:00,2.1,16932,United Kingdom,4.2
539421,22969,HOMEMADE JAM SCENTED CANDLES,24,2010-12-17 14:21:00,1.45,14016,EIRE,34.8
556882,23298,SPOTTY BUNTING,4,2011-06-15 12:21:00,4.95,14395,United Kingdom,19.8
556784,23110,PARISIENNE KEY CABINET ,2,2011-06-14 13:15:00,5.75,14461,United Kingdom,11.5
575983,22573,STAR WOODEN CHRISTMAS DECORATION,8,2011-11-13 13:45:00,0.85,13379,United Kingdom,6.8
561032,84874B,BLUE TRAVEL FIRST AID KIT,10,2011-07-24 11:37:00,1.65,13029,United Kingdom,16.5
568517,82578,KITCHEN METAL SIGN,2,2011-09-27 12:52:00,0.55,14456,United Kingdom,1.1
550360,22070,SMALL RED RETROSPOT MUG IN BOX ,2,2011-04-18 10:55:00,3.75,14978,United Kingdom,7.5
572296,21928,JUMBO BAG SCANDINAVIAN BLUE PAISLEY,1,2011-10-23 14:28:00,2.08,13598,United Kingdom,2.08
551687,85049C,ROMANTIC PINKS RIBBONS ,12,2011-05-03 13:22:00,1.25,14135,United Kingdom,15.0
564733,21524,DOORMAT SPOTTY HOME SWEET HOME,2,2011-08-28 13:18:00,7.95,17841,United Kingdom,15.9
553386,22966,GINGERBREAD MAN COOKIE CUTTER,24,2011-05-16 16:22:00,1.25,13381,United Kingdom,30.0
560025,22972,CHILDREN'S SPACEBOY MUG,1,2011-07-14 13:00:00,1.65,18283,United Kingdom,1.65
561887,37467,PIG MUG IN TWO COLOUR DESIGNS,24,2011-07-31 13:33:00,0.39,14414,United Kingdom,9.36
554969,82583,HOT BATHS METAL SIGN,4,2011-05-27 16:30:00,2.1,14976,United Kingdom,8.4
559532,84992,72 SWEETHEART FAIRY CAKE CASES,2,2011-07-10 12:07:00,0.55,14808,United Kingdom,1.1
567855,16169E,WRAP 50'S  CHRISTMAS,25,2011-09-22 13:38:00,0.42,13220,United Kingdom,10.5
574706,21264,WHITE GOOSE FEATHER TREE 60CM ,12,2011-11-06 14:06:00,1.95,16790,United Kingdom,23.4
545415,47599B,BLUE PARTY BAGS ,6,2011-03-02 13:03:00,2.1,15641,United Kingdom,12.600000000000001
561334,22619,SET OF 6 SOLDIER SKITTLES,4,2011-07-26 14:27:00,3.75,15440,United Kingdom,15.0
544450,21788,KIDS RAIN MAC BLUE,5,2011-02-20 12:23:00,0.85,17811,United Kingdom,4.25
537262,84997B,RED 3 PIECE RETROSPOT CUTLERY SET,2,2010-12-06 11:26:00,3.75,15039,United Kingdom,7.5
570404,22513,DOORSTOP FOOTBALL DESIGN,1,2011-10-10 12:50:00,3.75,16395,United Kingdom,3.75
574544,23241,TREASURE TIN GYMKHANA DESIGN,6,2011-11-04 14:49:00,2.08,17084,United Kingdom,12.48
574660,22233,JIGSAW RABBIT AND BIRDHOUSE,1,2011-11-06 11:55:00,0.59,15407,United Kingdom,0.59
546982,85185B,PINK HORSE SOCK PUPPET,2,2011-03-18 12:26:00,2.95,15483,United Kingdom,5.9
540986,22170,PICTURE FRAME WOOD TRIPLE PORTRAIT,4,2011-01-12 16:14:00,6.75,15291,United Kingdom,27.0
572037,22749,FELTCRAFT PRINCESS CHARLOTTE DOLL,3,2011-10-20 12:07:00,3.75,17365,United Kingdom,11.25
557872,22993,SET OF 4 PANTRY JELLY MOULDS,12,2011-06-23 12:42:00,1.25,14911,EIRE,15.0
550342,85006,SET 4 NURSERY DES ROUND BOXES,12,2011-04-17 15:55:00,0.85,13018,United Kingdom,10.2
569739,85230B,CINNAMON SCENTED VOTIVE CANDLE,24,2011-10-06 10:48:00,0.29,14911,EIRE,6.959999999999999
564733,22659,LUNCH BOX I LOVE LONDON,1,2011-08-28 13:18:00,1.95,17841,United Kingdom,1.95
564733,84510A,SET OF 4 ENGLISH ROSE COASTERS,5,2011-08-28 13:18:00,1.25,17841,United Kingdom,6.25
540414,22326,ROUND SNACK BOXES SET OF4 WOODLAND ,12,2011-01-07 10:32:00,2.95,12481,Germany,35.400000000000006
581002,23188,VINTAGE  2 METRE FOLDING RULER,12,2011-12-07 08:21:00,1.65,14708,United Kingdom,19.799999999999997
537057,22380,TOY TIDY SPACEBOY  ,2,2010-12-05 11:49:00,2.1,15351,United Kingdom,4.2
580705,84997B,CHILDRENS CUTLERY RETROSPOT RED ,4,2011-12-05 16:28:00,4.15,12683,France,16.6
567378,22356,CHARLOTTE BAG PINK POLKADOT,10,2011-09-20 10:01:00,0.85,14911,EIRE,8.5
540907,22862,LOVE HEART NAPKIN BOX ,4,2011-01-12 11:52:00,4.25,13488,United Kingdom,17.0
540915,21668,RED STRIPE CERAMIC DRAWER KNOB,12,2011-01-12 12:00:00,1.25,13267,United Kingdom,15.0
559691,22024,RAINY LADIES BIRTHDAY CARD,12,2011-07-11 15:52:00,0.42,13089,United Kingdom,5.04
572721,22593,CHRISTMAS GINGHAM STAR,12,2011-10-25 15:07:00,0.85,16201,United Kingdom,10.2
544833,84988,SET OF 72 PINK HEART PAPER DOILIES,12,2011-02-24 10:10:00,1.45,15974,United Kingdom,17.4
536412,22144,CHRISTMAS CRAFT LITTLE FRIENDS,1,2010-12-01 11:49:00,2.1,17920,United Kingdom,2.1
550901,22219,LOVEBIRD HANGING DECORATION WHITE ,12,2011-04-21 12:12:00,0.85,13389,United Kingdom,10.2
560034,22138,BAKING SET 9 PIECE RETROSPOT ,3,2011-07-14 13:35:00,4.95,13933,United Kingdom,14.850000000000001
577485,22488,NATURAL SLATE RECTANGLE CHALKBOARD,5,2011-11-20 11:56:00,1.65,16360,United Kingdom,8.25
575117,23319,BOX OF 6 MINI 50'S CRACKERS,1,2011-11-08 14:22:00,2.49,12748,United Kingdom,2.49
560596,22996,TRAVEL CARD WALLET VINTAGE TICKET,24,2011-07-19 16:48:00,0.42,13199,United Kingdom,10.08
541018,72807A,SET/3 ROSE CANDLE IN JEWELLED BOX,1,2011-01-13 12:03:00,4.25,14978,United Kingdom,4.25
580831,22471,TV DINNER TRAY AIR HOSTESS ,8,2011-12-06 11:39:00,1.95,14418,United Kingdom,15.6
570679,47566,PARTY BUNTING,8,2011-10-11 15:26:00,4.95,17769,United Kingdom,39.6
581221,23211,RED ROCKING HORSE HAND PAINTED,48,2011-12-08 09:40:00,1.25,17856,United Kingdom,60.0
551054,22583,PACK OF 6 HANDBAG GIFT BOXES,6,2011-04-26 11:44:00,2.55,12429,Austria,15.299999999999999
574709,22952,60 CAKE CASES VINTAGE CHRISTMAS,24,2011-11-06 14:14:00,0.55,17768,United Kingdom,13.200000000000001
540968,85034A,3 GARDENIA MORRIS BOXED CANDLES,6,2011-01-12 13:40:00,4.25,17338,United Kingdom,25.5
557123,21918,SET 12 KIDS COLOUR  CHALK STICKS,2,2011-06-16 17:56:00,0.42,15555,United Kingdom,0.84
540247,22191,IVORY DINER WALL CLOCK,1,2011-01-05 15:56:00,8.5,15464,United Kingdom,8.5
578153,21788,KIDS RAIN MAC BLUE,1,2011-11-23 11:22:00,0.85,12748,United Kingdom,0.85
560726,85032C,CURIOUS IMAGES GIFT WRAP SET,1,2011-07-20 14:16:00,0.65,17962,United Kingdom,0.65
568413,84804A,CREAM DELPHINIUM ARTIFICIAL FLOWER,3,2011-09-27 11:01:00,2.95,14818,United Kingdom,8.850000000000001
565588,21165,BEWARE OF THE CAT METAL SIGN ,1,2011-09-05 13:50:00,1.69,16918,United Kingdom,1.69
553017,21238,RED RETROSPOT CUP,5,2011-05-12 19:01:00,0.85,12757,Portugal,4.25
563328,22315,200 RED + WHITE BENDY STRAWS,1,2011-08-15 13:07:00,1.25,14606,United Kingdom,1.25
550914,22698,PINK REGENCY TEACUP AND SAUCER,24,2011-04-21 13:29:00,2.55,17061,United Kingdom,61.199999999999996
564725,23202,JUMBO BAG VINTAGE LEAF,1,2011-08-28 12:28:00,2.08,18041,United Kingdom,2.08
565248,22080,RIBBON REEL POLKADOTS ,1,2011-09-02 10:34:00,1.65,15860,United Kingdom,1.65
545657,21507,"ELEPHANT, BIRTHDAY CARD, ",12,2011-03-04 14:02:00,0.42,14911,EIRE,5.04
577723,22110,BIRD HOUSE HOT WATER BOTTLE,2,2011-11-21 12:36:00,2.55,16713,United Kingdom,5.1
544701,22815,CARD PSYCHEDELIC APPLES,12,2011-02-23 10:27:00,0.42,17428,United Kingdom,5.04
560203,21982,PACK OF 12 SUKI TISSUES ,2,2011-07-15 13:13:00,0.29,15311,United Kingdom,0.58
541859,21784,SHOE SHINE BOX ,2,2011-01-23 15:34:00,9.95,14606,United Kingdom,19.9
576688,35961,FOLKART ZINC HEART CHRISTMAS DEC,12,2011-11-16 12:16:00,0.85,16717,United Kingdom,10.2
579101,23075,PARLOUR CERAMIC WALL HOOK,6,2011-11-28 11:27:00,4.15,16364,United Kingdom,24.900000000000002
580672,22737,RIBBON REEL CHRISTMAS PRESENT ,1,2011-12-05 14:29:00,1.65,17920,United Kingdom,1.65
544153,21908,CHOCOLATE THIS WAY METAL SIGN,2,2011-02-16 12:11:00,2.1,15356,United Kingdom,4.2
537646,20762,GREEN FERN SKETCHBOOK ,1,2010-12-07 15:39:00,3.75,17591,United Kingdom,3.75
559146,22386,JUMBO BAG PINK POLKADOT,10,2011-07-06 14:18:00,2.08,12921,United Kingdom,20.8
546108,79321,CHILLI LIGHTS,4,2011-03-09 12:35:00,5.75,15529,United Kingdom,23.0
570594,23223,CHRISTMAS TREE HANGING SILVER ,12,2011-10-11 11:43:00,0.83,13517,United Kingdom,9.959999999999999
565616,85078,SCANDINAVIAN 3 HEARTS NAPKIN RING,24,2011-09-05 15:26:00,0.19,15238,United Kingdom,4.5600000000000005
561051,23206,LUNCH BAG APPLE DESIGN,300,2011-07-24 13:11:00,1.45,16684,United Kingdom,435.0
578233,22866,HAND WARMER SCOTTY DOG DESIGN,1,2011-11-23 12:20:00,2.1,14049,United Kingdom,2.1
549126,22150,3 STRIPEY MICE FELTCRAFT,2,2011-04-06 14:23:00,1.95,16031,United Kingdom,3.9
569853,22835,HOT WATER BOTTLE I AM SO POORLY,8,2011-10-06 14:18:00,4.95,13771,United Kingdom,39.6
578281,22114,HOT WATER BOTTLE TEA AND SYMPATHY,1,2011-11-23 13:53:00,4.25,14099,United Kingdom,4.25
570116,22736,RIBBON REEL MAKING SNOWMEN ,2,2011-10-07 12:38:00,1.65,12856,United Kingdom,3.3
571850,23452,HEART MINI PORTRAIT FRAME,3,2011-10-19 12:54:00,1.95,14698,United Kingdom,5.85
573393,23000,TRAVEL CARD WALLET TRANSPORT,24,2011-10-30 15:08:00,0.42,14158,United Kingdom,10.08
547871,22621,TRADITIONAL KNITTING NANCY,3,2011-03-27 14:28:00,1.45,16931,United Kingdom,4.35
561774,23310,BUBBLEGUM RING ASSORTED,36,2011-07-29 12:41:00,0.42,16729,United Kingdom,15.12
570127,22558,CLOTHES PEGS RETROSPOT PACK 24 ,3,2011-10-07 13:17:00,1.65,16900,United Kingdom,4.949999999999999
574679,21918,SET 12 KIDS COLOUR  CHALK STICKS,24,2011-11-06 12:38:00,0.42,12645,Germany,10.08
566914,23288,GREEN VINTAGE SPOT BEAKER,1,2011-09-15 14:08:00,0.85,15466,United Kingdom,0.85
537377,22810,SET OF 6 T-LIGHTS SNOWMEN,4,2010-12-06 13:01:00,2.95,15882,United Kingdom,11.8
551721,85036A,GARDENIA 1 WICK MORRIS BOXED CANDLE,1,2011-05-03 16:49:00,4.25,14711,United Kingdom,4.25
558099,21212,PACK OF 72 RETROSPOT CAKE CASES,1,2011-06-26 13:45:00,0.55,17593,United Kingdom,0.55
552769,85123A,WHITE HANGING HEART T-LIGHT HOLDER,2,2011-05-11 11:47:00,2.95,16241,United Kingdom,5.9
568674,23215,JINGLE BELL HEART ANTIQUE SILVER,12,2011-09-28 13:30:00,2.08,12708,Germany,24.96
578096,23084,RABBIT NIGHT LIGHT,12,2011-11-22 17:26:00,2.08,12936,United Kingdom,24.96
543543,22722,SET OF 6 SPICE TINS PANTRY DESIGN,1,2011-02-09 15:33:00,3.95,17843,United Kingdom,3.95
579155,20655,QUEEN OF SKIES LUGGAGE TAG,1,2011-11-28 13:37:00,1.25,18101,United Kingdom,1.25
575576,23193,BUFFALO BILL TREASURE BOOK BOX,8,2011-11-10 11:45:00,2.25,16025,United Kingdom,18.0
566494,21210,SET OF 72 RETROSPOT PAPER  DOILIES,192,2011-09-13 11:12:00,1.45,17404,Sweden,278.4
561900,22951,60 CAKE CASES DOLLY GIRL DESIGN,1,2011-07-31 15:31:00,0.55,16655,United Kingdom,0.55
572051,23516,EMBROIDERED RIBBON REEL SOPHIE  ,72,2011-10-20 12:24:00,3.29,14646,Netherlands,236.88
554993,21212,PACK OF 72 RETROSPOT CAKE CASES,12,2011-05-29 14:13:00,0.55,17051,United Kingdom,6.6000000000000005
545534,47590A,BLUE HAPPY BIRTHDAY BUNTING,3,2011-03-03 14:05:00,5.45,17652,United Kingdom,16.35
547569,22607,WOODEN ROUNDERS GARDEN SET ,4,2011-03-24 09:50:00,9.95,17491,United Kingdom,39.8
560250,85099C,JUMBO  BAG BAROQUE BLACK WHITE,5,2011-07-17 12:31:00,2.08,14659,United Kingdom,10.4
540541,84617,NEW BAROQUE BLACK BOXES,1,2011-01-09 15:13:00,12.75,15799,United Kingdom,12.75
568202,16156S,WRAP PINK FAIRY CAKES ,25,2011-09-25 15:01:00,0.42,15366,United Kingdom,10.5
547377,85040A,S/4 PINK FLOWER CANDLES IN BOWL,12,2011-03-22 14:43:00,1.65,13050,United Kingdom,19.799999999999997
570919,22960,JAM MAKING SET WITH JARS,6,2011-10-13 10:57:00,4.25,12584,Italy,25.5
552183,84859B,BLUE DISCO HANDBAG,1,2011-05-06 13:43:00,1.95,17604,United Kingdom,1.95
561111,21988,PACK OF 6 SKULL PAPER PLATES,96,2011-07-25 11:49:00,0.64,16422,United Kingdom,61.44
562213,84991,60 TEATIME FAIRY CAKE CASES,6,2011-08-03 13:39:00,0.55,13975,United Kingdom,3.3000000000000003
536500,22113,GREY HEART HOT WATER BOTTLE,3,2010-12-01 12:35:00,3.75,17377,United Kingdom,11.25
576339,21877,HOME SWEET HOME MUG,1,2011-11-14 15:27:00,3.29,14096,United Kingdom,3.29
571098,23212,HEART WREATH DECORATION WITH BELL,7,2011-10-13 15:38:00,1.25,17841,United Kingdom,8.75
569008,22457,NATURAL SLATE HEART CHALKBOARD ,6,2011-09-29 18:53:00,2.95,15114,United Kingdom,17.700000000000003
554906,23162,REGENCY TEA STRAINER,4,2011-05-27 11:41:00,3.75,14194,United Kingdom,15.0
575741,22899,CHILDREN'S APRON DOLLY GIRL ,6,2011-11-11 09:46:00,2.1,13727,United Kingdom,12.600000000000001
565405,23287,RED VINTAGE SPOT BEAKER,8,2011-09-04 10:51:00,0.85,14211,United Kingdom,6.8
557153,23170,REGENCY TEA PLATE ROSES ,3,2011-06-17 11:07:00,1.65,13735,United Kingdom,4.949999999999999
556720,23175,REGENCY MILK JUG PINK ,24,2011-06-14 11:22:00,2.75,17428,United Kingdom,66.0
537395,82600,NO SINGING METAL SIGN,1,2010-12-06 14:05:00,2.1,15356,United Kingdom,2.1
557058,23243,SET OF TEA COFFEE SUGAR TINS PANTRY,8,2011-06-16 14:47:00,4.95,16843,United Kingdom,39.6
558863,23205,CHARLOTTE BAG VINTAGE ALPHABET ,2,2011-07-04 12:28:00,0.85,17243,United Kingdom,1.7
557621,23172,REGENCY TEA PLATE PINK,12,2011-06-21 14:00:00,1.65,12444,Norway,19.799999999999997
572328,23569,TRADTIONAL ALPHABET STAMP SET,12,2011-10-24 10:11:00,4.95,13104,United Kingdom,59.400000000000006
540561,22743,MAKE YOUR OWN FLOWERPOWER CARD KIT,6,2011-01-10 10:32:00,2.95,13004,United Kingdom,17.700000000000003
551142,22189,CREAM HEART CARD HOLDER,2,2011-04-26 13:22:00,3.95,17613,United Kingdom,7.9
543040,82600,NO SINGING METAL SIGN,3,2011-02-02 17:06:00,2.1,17337,United Kingdom,6.300000000000001
543037,79066K,RETRO MOD TRAY,10,2011-02-02 16:01:00,0.85,12350,Norway,8.5
561891,22625,RED KITCHEN SCALES,1,2011-07-31 14:19:00,8.5,15438,United Kingdom,8.5
547896,22961,JAM MAKING SET PRINTED,1,2011-03-28 11:34:00,1.45,17841,United Kingdom,1.45
580972,21564,PINK  HEART SHAPE LOVE BUCKET ,24,2011-12-06 15:10:00,0.79,15194,United Kingdom,18.96
540513,22113,GREY HEART HOT WATER BOTTLE,12,2011-01-09 11:41:00,3.75,13758,United Kingdom,45.0
573496,21927,BLUE/CREAM STRIPE CUSHION COVER ,1,2011-10-31 11:59:00,1.25,17841,United Kingdom,1.25
571733,23456,MEDIUM PARLOUR PICTURE FRAME ,4,2011-10-19 09:59:00,4.15,16187,United Kingdom,16.6
569227,15056BL,EDWARDIAN PARASOL BLACK,36,2011-10-02 14:37:00,5.95,14051,United Kingdom,214.20000000000002
567148,23168,CLASSIC CAFE SUGAR DISPENSER,12,2011-09-16 15:23:00,1.25,18225,United Kingdom,15.0
549847,21509,COWBOYS AND INDIANS BIRTHDAY CARD ,12,2011-04-12 14:43:00,0.42,15358,United Kingdom,5.04
565674,22114,HOT WATER BOTTLE TEA AND SYMPATHY,4,2011-09-06 09:49:00,4.25,15271,United Kingdom,17.0
550283,21232,STRAWBERRY CERAMIC TRINKET BOX,36,2011-04-15 14:05:00,1.25,18094,United Kingdom,45.0
573142,22900,SET 2 TEA TOWELS I LOVE LONDON ,10,2011-10-27 17:48:00,3.25,18035,United Kingdom,32.5
575340,22023,EMPIRE BIRTHDAY CARD,12,2011-11-09 14:31:00,0.42,15485,United Kingdom,5.04
550802,22384,LUNCH BAG PINK POLKADOT,10,2011-04-20 15:21:00,1.65,17120,United Kingdom,16.5
578924,23570,TRADITIONAL PICK UP STICKS GAME ,3,2011-11-27 12:10:00,1.25,16983,United Kingdom,3.75
569132,22574,HEART WOODEN CHRISTMAS DECORATION,4,2011-09-30 13:54:00,0.85,17757,United Kingdom,3.4
545398,47566,PARTY BUNTING,12,2011-03-02 11:43:00,4.95,13722,United Kingdom,59.400000000000006
574529,35970,ZINC FOLKART SLEIGH BELLS,4,2011-11-04 14:06:00,1.69,17233,United Kingdom,6.76
536993,21955,DOORMAT UNION JACK GUNS AND ROSES,1,2010-12-03 15:19:00,7.95,14396,United Kingdom,7.95
557217,23284,DOORMAT KEEP CALM AND COME IN,4,2011-06-17 12:30:00,7.95,17426,United Kingdom,31.8
552949,23298,SPOTTY BUNTING,4,2011-05-12 12:01:00,4.95,16033,United Kingdom,19.8
560097,22151,PLACE SETTING WHITE HEART,72,2011-07-14 17:40:00,0.42,13050,United Kingdom,30.24
575051,20956,PORCELAIN T-LIGHT HOLDERS ASSORTED,24,2011-11-08 12:14:00,1.25,15957,United Kingdom,30.0
546850,21508,VINTAGE KID DOLLY CARD ,12,2011-03-17 13:20:00,0.42,13268,United Kingdom,5.04
571053,23256,CHILDRENS CUTLERY SPACEBOY ,4,2011-10-13 13:53:00,4.15,12631,Finland,16.6
547896,22964,3 PIECE SPACEBOY COOKIE CUTTER SET,2,2011-03-28 11:34:00,2.1,17841,United Kingdom,4.2
550106,22989,SET 2 PANTRY DESIGN TEA TOWELS,3,2011-04-14 12:31:00,3.25,13772,United Kingdom,9.75
575698,22423,REGENCY CAKESTAND 3 TIER,1,2011-11-10 16:51:00,12.75,16094,United Kingdom,12.75
556845,23240,SET OF 4 KNICK KNACK TINS DOILEY ,48,2011-06-15 11:30:00,3.75,17511,United Kingdom,180.0
579188,23495,SET OF 3 PANTRY WOODEN SPOONS,4,2011-11-28 15:34:00,1.25,12748,United Kingdom,5.0
580956,21673,WHITE SPOT BLUE CERAMIC DRAWER KNOB,1,2011-12-06 14:23:00,1.45,17841,United Kingdom,1.45
563328,20978,36 PENCILS TUBE SKULLS,1,2011-08-15 13:07:00,1.25,14606,United Kingdom,1.25
574834,85099B,JUMBO BAG RED RETROSPOT,40,2011-11-07 11:30:00,2.08,13139,United Kingdom,83.2
559745,21733,RED HANGING HEART T-LIGHT HOLDER,4,2011-07-12 11:15:00,2.95,17790,United Kingdom,11.8
574284,23202,JUMBO BAG VINTAGE LEAF,20,2011-11-03 15:01:00,2.08,17644,United Kingdom,41.6
547962,22464,HANGING METAL HEART LANTERN,12,2011-03-28 15:38:00,1.65,12957,United Kingdom,19.799999999999997
577554,72800B, 4 PURPLE FLOCK DINNER CANDLES,1,2011-11-20 15:35:00,2.55,15533,United Kingdom,2.55
577039,23170,REGENCY TEA PLATE ROSES ,12,2011-11-17 13:30:00,1.65,12539,Spain,19.799999999999997
569230,23328,SET 6 SCHOOL MILK BOTTLES IN CRATE,3,2011-10-02 15:07:00,3.75,16533,United Kingdom,11.25
573175,85014B,RED RETROSPOT UMBRELLA,3,2011-10-28 10:27:00,5.95,15096,United Kingdom,17.85
565381,22800,ANTIQUE TALL SWIRLGLASS TRINKET POT,4,2011-09-02 15:23:00,3.75,16173,United Kingdom,15.0
548308,20972,PINK CREAM FELT CRAFT TRINKET BOX ,4,2011-03-30 12:00:00,1.25,17220,United Kingdom,5.0
570200,23388,WOODLAND MINI BACKPACK,2,2011-10-07 16:03:00,4.15,16918,United Kingdom,8.3
576364,85183A,CHARLIE & LOLA WASTEPAPER BIN BLUE,2,2011-11-14 17:40:00,1.25,15009,United Kingdom,2.5
554982,22128,PARTY CONES CANDY ASSORTED,30,2011-05-29 12:16:00,1.25,17152,United Kingdom,37.5
564976,21217,RED RETROSPOT ROUND CAKE TINS,2,2011-08-31 15:49:00,9.95,17315,United Kingdom,19.9
551199,21155,RED RETROSPOT PEG BAG,6,2011-04-27 11:30:00,2.55,13018,United Kingdom,15.299999999999999
539249,85099B,JUMBO BAG RED RETROSPOT,20,2010-12-16 13:43:00,1.95,14709,United Kingdom,39.0
547203,48173C,DOORMAT BLACK FLOCK ,2,2011-03-21 13:51:00,7.95,17146,United Kingdom,15.9
562733,22408,MONEY BOX CONFECTIONERY DESIGN,12,2011-08-09 10:20:00,1.25,14626,United Kingdom,15.0
568657,20659,ECONOMY LUGGAGE TAG,1,2011-09-28 12:22:00,1.25,16460,United Kingdom,1.25
536559,51014L,"FEATHER PEN,LIGHT PINK",12,2010-12-01 14:54:00,0.85,17873,United Kingdom,10.2
568510,22733,3D TRADITIONAL CHRISTMAS STICKERS,18,2011-09-27 12:26:00,1.25,13555,United Kingdom,22.5
567183,47422,ASSORTED MONKEY SUCTION CUP HOOK,19,2011-09-18 15:32:00,0.42,14769,United Kingdom,7.9799999999999995
545661,10133,COLOURING PENCILS BROWN TUBE,20,2011-03-04 14:41:00,0.85,15358,United Kingdom,17.0
574509,23368,SET 12 COLOUR PENCILS DOLLY GIRL ,3,2011-11-04 13:25:00,0.65,16012,United Kingdom,1.9500000000000002
539222,22179,SET 10 LIGHTS NIGHT OWL,6,2010-12-16 13:00:00,6.75,14621,United Kingdom,40.5
555106,22716,CARD CIRCUS PARADE,12,2011-05-31 14:14:00,0.42,12790,Netherlands,5.04
574292,21985,PACK OF 12 HEARTS DESIGN TISSUES ,12,2011-11-03 15:27:00,0.39,16914,United Kingdom,4.68
557311,84971S,SMALL HEART FLOWERS HOOK ,11,2011-06-19 15:36:00,0.85,15700,United Kingdom,9.35
577331,23300,GARDENERS KNEELING PAD CUP OF TEA ,1,2011-11-18 14:23:00,1.65,14667,United Kingdom,1.65
542266,22588,CARD HOLDER GINGHAM HEART,3,2011-01-26 17:37:00,2.55,16918,United Kingdom,7.6499999999999995
580893,15056BL,EDWARDIAN PARASOL BLACK,1,2011-12-06 12:38:00,5.95,17290,United Kingdom,5.95
567656,85170D,SET/6 PINK BIRD T-LIGHT CANDLES,1,2011-09-21 14:40:00,4.13,14096,United Kingdom,4.13
562087,21231,SWEETHEART CERAMIC TRINKET BOX,1,2011-08-02 12:31:00,1.25,14606,United Kingdom,1.25
567474,23381,PACK OF 12 VINTAGE LEAF TISSUES ,12,2011-09-20 12:53:00,0.39,13448,United Kingdom,4.68
540540,22970,LONDON BUS COFFEE MUG,6,2011-01-09 15:10:00,2.55,17218,United Kingdom,15.299999999999999
550906,21096,SET/6 FRUIT SALAD  PAPER PLATES,48,2011-04-21 12:34:00,0.39,14298,United Kingdom,18.72
571505,16169E,WRAP 50'S  CHRISTMAS,50,2011-10-17 15:19:00,0.42,17244,United Kingdom,21.0
568566,22158,3 HEARTS HANGING DECORATION RUSTIC,2,2011-09-27 17:47:00,2.95,17609,United Kingdom,5.9
553872,21927,BLUE/CREAM STRIPE CUSHION COVER ,12,2011-05-19 14:35:00,1.25,13050,United Kingdom,15.0
562652,84596B,SMALL DOLLY MIX DESIGN ORANGE BOWL,16,2011-08-08 13:34:00,0.42,14844,United Kingdom,6.72
546426,22047,EMPIRE GIFT WRAP,25,2011-03-13 13:46:00,0.42,13708,United Kingdom,10.5
569823,11001,ASSTD DESIGN RACING CAR PEN,2,2011-10-06 12:15:00,1.69,16895,United Kingdom,3.38
551774,84212,"ASSORTED FLOWER COLOUR ""LEIS""",12,2011-05-04 11:12:00,0.65,14606,United Kingdom,7.800000000000001
538638,22505,MEMO BOARD COTTAGE DESIGN,1,2010-12-13 14:16:00,4.95,17231,United Kingdom,4.95
559346,20829,GLITTER HANGING BUTTERFLY STRING,8,2011-07-07 17:19:00,2.1,13486,United Kingdom,16.8
547063,84030E,ENGLISH ROSE HOT WATER BOTTLE,1,2011-03-20 13:33:00,4.25,14769,United Kingdom,4.25
553160,23167,SMALL CERAMIC TOP STORAGE JAR ,12,2011-05-13 15:26:00,0.83,14194,United Kingdom,9.959999999999999
568346,23129,HEART SHAPED HOLLY WREATH,2,2011-09-26 15:28:00,8.29,14096,United Kingdom,16.58
538827,22702,BLACK AND WHITE CAT BOWL,24,2010-12-14 12:59:00,0.65,14298,United Kingdom,15.600000000000001
576228,22142,CHRISTMAS CRAFT WHITE FAIRY ,3,2011-11-14 13:12:00,1.45,15033,United Kingdom,4.35
552559,22844,VINTAGE CREAM DOG FOOD CONTAINER,2,2011-05-10 11:44:00,8.5,15865,United Kingdom,17.0
564538,84879,ASSORTED COLOUR BIRD ORNAMENT,160,2011-08-25 15:21:00,1.45,13408,United Kingdom,232.0
548708,22360,GLASS JAR ENGLISH CONFECTIONERY,1,2011-04-03 12:41:00,2.95,13269,United Kingdom,2.95
568321,23378,PACK OF 12 50'S CHRISTMAS TISSUES,24,2011-09-26 13:36:00,0.39,13639,United Kingdom,9.36
551531,84356,POMPOM CURTAIN,2,2011-05-01 13:45:00,6.95,15376,United Kingdom,13.9
549260,84459A,PINK METAL CHICKEN HEART ,3,2011-04-07 12:34:00,1.49,17790,United Kingdom,4.47
556579,22651,GENTLEMAN SHIRT REPAIR KIT ,12,2011-06-13 14:16:00,0.85,15069,United Kingdom,10.2
553664,22162,HEART GARLAND RUSTIC PADDED,1,2011-05-18 12:15:00,2.95,16906,United Kingdom,2.95
578705,21731,RED TOADSTOOL LED NIGHT LIGHT,3,2011-11-25 11:12:00,1.65,12531,Germany,4.949999999999999
546541,21363,HOME SMALL WOOD LETTERS,3,2011-03-14 15:11:00,4.95,14911,EIRE,14.850000000000001
581414,22942,CHRISTMAS LIGHTS 10 SANTAS ,2,2011-12-08 14:39:00,2.95,14730,United Kingdom,5.9
551983,47566B,TEA TIME PARTY BUNTING,4,2011-05-05 14:32:00,4.95,17735,United Kingdom,19.8
571476,85035A,GARDENIA 3 WICK MORRIS BOXED CANDLE,1,2011-10-17 14:51:00,1.25,13546,United Kingdom,1.25
571105,22544,MINI JIGSAW SPACEBOY,3,2011-10-13 16:01:00,0.42,17614,United Kingdom,1.26
565932,84978,HANGING HEART JAR T-LIGHT HOLDER,12,2011-09-08 10:35:00,1.25,16418,United Kingdom,15.0
570482,23202,JUMBO BAG VINTAGE LEAF,1,2011-10-10 17:00:00,2.08,17459,United Kingdom,2.08
546786,22247,BUNNY DECORATION MAGIC GARDEN,16,2011-03-17 09:57:00,0.85,16523,United Kingdom,13.6
540350,21212,PACK OF 72 RETROSPOT CAKE CASES,1,2011-01-06 14:14:00,0.55,18283,United Kingdom,0.55
550196,23077,DOUGHNUT LIP GLOSS ,20,2011-04-15 10:09:00,1.25,14796,United Kingdom,25.0
538312,21890,S/6 WOODEN SKITTLES IN COTTON BAG,3,2010-12-10 13:48:00,2.95,16727,United Kingdom,8.850000000000001
572454,22639,SET OF 4 NAPKIN CHARMS HEARTS,6,2011-10-24 12:38:00,2.55,13808,United Kingdom,15.299999999999999
574532,85025B,EAU DE NILE HEART SHAPE PHOTO FRAME,24,2011-11-04 14:19:00,1.65,15676,United Kingdom,39.599999999999994
542568,21231,SWEETHEART CERAMIC TRINKET BOX,12,2011-01-28 14:53:00,1.25,14215,United Kingdom,15.0
541850,22079,RIBBON REEL HEARTS DESIGN ,5,2011-01-23 13:58:00,1.65,14224,United Kingdom,8.25
578400,22086,PAPER CHAIN KIT 50'S CHRISTMAS ,1,2011-11-24 11:52:00,2.95,12748,United Kingdom,2.95
557070,23066,SMALL DECO JEWELLERY STAND,2,2011-06-16 15:28:00,8.25,14755,United Kingdom,16.5
543587,21906,PHARMACIE FIRST AID TIN,2,2011-02-10 11:39:00,6.75,12561,Germany,13.5
566089,82583,HOT BATHS METAL SIGN,72,2011-09-09 10:31:00,1.85,14062,United Kingdom,133.20000000000002
547050,20973,12 PENCIL SMALL TUBE WOODLAND,2,2011-03-20 12:02:00,0.65,17795,United Kingdom,1.3
553461,71459,HANGING JAM JAR T-LIGHT HOLDER,12,2011-05-17 10:57:00,0.85,16316,United Kingdom,10.2
539240,85035B,CHOCOLATE 3 WICK MORRIS BOX CANDLE,24,2010-12-16 13:15:00,1.25,15194,United Kingdom,30.0
572964,23395,BELLE JARDINIERE CUSHION COVER,4,2011-10-27 10:41:00,3.75,12630,Finland,15.0
537242,21428,SET3 BOOK BOX GREEN GINGHAM FLOWER ,4,2010-12-06 10:19:00,4.25,14748,United Kingdom,17.0
542386,22967,SET 3 SONG BIRD PAPER EGGS ASSORTED,6,2011-01-27 14:35:00,2.95,17540,United Kingdom,17.700000000000003
568593,22300,COFFEE MUG DOG + BALL DESIGN,6,2011-09-28 10:54:00,2.55,13988,United Kingdom,15.299999999999999
543126,22453,MEASURING TAPE BABUSHKA BLUE,4,2011-02-03 14:41:00,2.95,13581,United Kingdom,11.8
581376,22767,TRIPLE PHOTO FRAME CORNICE ,1,2011-12-08 12:43:00,9.95,14719,United Kingdom,9.95
547568,22352,LUNCH BOX WITH CUTLERY RETROSPOT ,6,2011-03-24 09:50:00,2.55,13341,United Kingdom,15.299999999999999
541134,82552,WASHROOM METAL SIGN,12,2011-01-14 10:20:00,1.45,15615,United Kingdom,17.4
575049,22630,DOLLY GIRL LUNCH BOX,12,2011-11-08 12:13:00,1.95,12721,France,23.4
551657,82486,WOOD S/3 CABINET ANT WHITE FINISH,2,2011-05-03 12:12:00,8.95,14911,EIRE,17.9
546326,48185,DOORMAT FAIRY CAKE,10,2011-03-11 10:15:00,6.75,13798,United Kingdom,67.5
544495,22937,BAKING MOULD CHOCOLATE CUPCAKES,6,2011-02-21 11:42:00,2.55,12766,Portugal,15.299999999999999
568379,21523,DOORMAT FANCY FONT HOME SWEET HOME,2,2011-09-27 09:05:00,8.25,16626,United Kingdom,16.5
556415,22427,ENAMEL FLOWER JUG CREAM,12,2011-06-10 12:19:00,5.45,12409,Switzerland,65.4
560534,21790,VINTAGE SNAP CARDS,12,2011-07-19 12:10:00,0.85,14911,EIRE,10.2
548492,21935,SUKI  SHOULDER BAG,5,2011-03-31 13:14:00,1.65,17841,United Kingdom,8.25
559464,22115,METAL SIGN EMPIRE TEA,12,2011-07-08 13:26:00,0.79,15157,United Kingdom,9.48
569218,84030E,ENGLISH ROSE HOT WATER BOTTLE,2,2011-10-02 12:47:00,4.25,15952,United Kingdom,8.5
553526,48188,DOORMAT WELCOME PUPPIES,1,2011-05-17 14:54:00,7.95,16266,United Kingdom,7.95
552166,20718,RED RETROSPOT SHOPPER BAG,10,2011-05-06 12:21:00,1.25,13475,United Kingdom,12.5
569105,22558,CLOTHES PEGS RETROSPOT PACK 24 ,2,2011-09-30 12:35:00,1.65,16729,United Kingdom,3.3
581193,22645,CERAMIC HEART FAIRY CAKE MONEY BANK,1,2011-12-07 17:05:00,0.39,17097,Spain,0.39
578805,22197,POPCORN HOLDER,100,2011-11-25 12:57:00,0.72,16401,United Kingdom,72.0
580318,22386,JUMBO BAG PINK POLKADOT,10,2011-12-02 15:39:00,2.08,17686,United Kingdom,20.8
540021,22411,JUMBO SHOPPER VINTAGE RED PAISLEY,1,2011-01-04 12:51:00,1.95,17841,United Kingdom,1.95
555471,22487,WHITE WOOD GARDEN PLANT LADDER,2,2011-06-03 11:42:00,9.95,16117,United Kingdom,19.9
562579,22508,DOORSTOP RETROSPOT HEART,6,2011-08-07 13:30:00,3.75,16950,United Kingdom,22.5
551193,21201,TROPICAL  HONEYCOMB PAPER GARLAND ,3,2011-04-27 11:05:00,2.55,17954,United Kingdom,7.6499999999999995
581456,21034,REX CASH+CARRY JUMBO SHOPPER,1,2011-12-08 18:42:00,0.95,17530,United Kingdom,0.95
575135,23110,PARISIENNE KEY CABINET ,2,2011-11-08 14:49:00,5.75,13928,United Kingdom,11.5
567167,23404,HOME SWEET HOME BLACKBOARD,2,2011-09-18 12:21:00,4.95,15547,United Kingdom,9.9
544091,22772,PINK DRAWER KNOB ACRYLIC EDWARDIAN,12,2011-02-16 08:37:00,1.25,14897,United Kingdom,15.0
550767,23006,TRAVEL CARD WALLET FLOWER MEADOW,24,2011-04-20 12:32:00,0.42,14776,United Kingdom,10.08
559549,22630,DOLLY GIRL LUNCH BOX,1,2011-07-10 15:25:00,1.95,13230,United Kingdom,1.95
557956,22385,JUMBO BAG SPACEBOY DESIGN,1,2011-06-23 19:20:00,2.08,18283,United Kingdom,2.08
574474,82494L,WOODEN FRAME ANTIQUE WHITE ,2,2011-11-04 12:05:00,2.95,17979,United Kingdom,5.9
542648,20752,BLUE POLKADOT WASHING UP GLOVES,6,2011-01-31 11:46:00,2.1,12476,Germany,12.600000000000001
577104,23522,WALL ART DOG AND BALL ,6,2011-11-17 17:13:00,2.89,12747,United Kingdom,17.34
559092,21539,RED RETROSPOT BUTTER DISH,6,2011-07-06 10:48:00,4.95,16829,United Kingdom,29.700000000000003
554098,22620,4 TRADITIONAL SPINNING TOPS,1,2011-05-22 13:01:00,1.45,14769,United Kingdom,1.45
555562,21985,PACK OF 12 HEARTS DESIGN TISSUES ,20,2011-06-05 14:45:00,0.29,17841,United Kingdom,5.8
581170,22111,SCOTTIE DOG HOT WATER BOTTLE,24,2011-12-07 15:00:00,4.25,13767,United Kingdom,102.0
573387,23493,VINTAGE DOILY TRAVEL SEWING KIT,1,2011-10-30 14:33:00,1.95,15054,United Kingdom,1.95
553856,20617,FIRST CLASS PASSPORT COVER ,1,2011-05-19 13:28:00,2.1,16813,United Kingdom,2.1
569691,22563,HAPPY STENCIL CRAFT,12,2011-10-05 15:09:00,1.25,18223,United Kingdom,15.0
544108,22630,DOLLY GIRL LUNCH BOX,36,2011-02-16 10:53:00,1.95,12653,Israel,70.2
553750,23184,BULL DOG BOTTLE OPENER,8,2011-05-19 10:16:00,4.95,15660,United Kingdom,39.6
579399,21212,PACK OF 72 RETROSPOT CAKE CASES,3,2011-11-29 12:09:00,0.55,13137,United Kingdom,1.6500000000000001
580025,85061W,WHITE JEWELLED HEART DECORATION,2,2011-12-01 11:53:00,0.85,15021,United Kingdom,1.7
568517,21989,PACK OF 20 SKULL PAPER NAPKINS,1,2011-09-27 12:52:00,0.85,14456,United Kingdom,0.85
572695,22595,GINGHAM HEART DECORATION,12,2011-10-25 14:23:00,0.85,12610,Italy,10.2
557281,21162,TOXIC AREA  DOOR HANGER ,2,2011-06-19 12:23:00,1.45,13632,United Kingdom,2.9
569400,22748,POPPY'S PLAYHOUSE KITCHEN,50,2011-10-04 08:30:00,2.1,17381,United Kingdom,105.0
571035,23169,CLASSIC GLASS COOKIE JAR,6,2011-10-13 12:50:00,4.15,12446,RSA,24.900000000000002
559364,21175,GIN + TONIC DIET METAL SIGN,12,2011-07-08 08:48:00,2.55,17735,United Kingdom,30.599999999999998
541371,22622,BOX OF VINTAGE ALPHABET BLOCKS,2,2011-01-17 14:51:00,9.95,13983,United Kingdom,19.9
559706,16168M,FUNKY MONKEY GIFT BAG MEDIUM,24,2011-07-12 10:02:00,0.42,16609,United Kingdom,10.08
555728,21623,VINTAGE UNION JACK MEMOBOARD,1,2011-06-06 16:41:00,9.95,17252,United Kingdom,9.95
570458,16237,SLEEPING CAT ERASERS,30,2011-10-10 15:39:00,0.21,14535,United Kingdom,6.3
571034,23534,WALL ART STOP FOR TEA ,3,2011-10-13 12:47:00,5.95,12359,Cyprus,17.85
573292,23084,RABBIT NIGHT LIGHT,120,2011-10-28 15:10:00,1.79,14416,United Kingdom,214.8
538638,21448,12 DAISY PEGS IN WOOD BOX,1,2010-12-13 14:16:00,1.65,17231,United Kingdom,1.65
577473,47567B,TEA TIME KITCHEN APRON,1,2011-11-20 11:28:00,5.95,15919,United Kingdom,5.95
571730,23313,VINTAGE CHRISTMAS BUNTING,5,2011-10-19 09:48:00,4.95,16851,United Kingdom,24.75
551726,21936,RED RETROSPOT PICNIC BAG,100,2011-05-04 08:17:00,2.55,13798,United Kingdom,254.99999999999997
557442,21061,PARTY INVITES FOOTBALL,4,2011-06-20 12:53:00,0.85,14808,United Kingdom,3.4
540098,21166,COOK WITH WINE METAL SIGN ,1,2011-01-04 15:50:00,1.95,16241,United Kingdom,1.95
558041,22274,FELTCRAFT DOLL EMILY,6,2011-06-24 13:20:00,2.95,12422,Switzerland,17.700000000000003
559888,21136,PAINTED METAL PEARS ASSORTED,24,2011-07-13 11:47:00,1.69,16450,United Kingdom,40.56
552859,84596G,SMALL CHOCOLATES PINK BOWL,40,2011-05-11 16:10:00,0.42,13069,United Kingdom,16.8
581376,20973,12 PENCIL SMALL TUBE WOODLAND,4,2011-12-08 12:43:00,0.65,14719,United Kingdom,2.6
546780,22519,CHILDS GARDEN BRUSH PINK,36,2011-03-17 07:40:00,1.85,12435,Denmark,66.60000000000001
562772,23242,TREASURE TIN BUFFALO BILL ,2,2011-08-09 12:07:00,2.08,13097,United Kingdom,4.16
551518,22730,ALARM CLOCK BAKELIKE IVORY,1,2011-05-01 11:36:00,3.75,15708,United Kingdom,3.75
574738,23483,HANGING  BUTTERFLY T-LIGHT HOLDER,12,2011-11-06 16:01:00,1.25,12748,United Kingdom,15.0
576091,90214H,"LETTER ""H"" BLING KEY RING",6,2011-11-14 09:00:00,1.25,16779,United Kingdom,7.5
545602,85099C,JUMBO  BAG BAROQUE BLACK WHITE,1,2011-03-04 11:49:00,1.95,17315,United Kingdom,1.95
541845,22211,WOOD STAMP SET FLOWERS,2,2011-01-23 12:41:00,1.65,15167,United Kingdom,3.3
545695,22904,CALENDAR PAPER CUT DESIGN,3,2011-03-06 14:15:00,2.95,17050,United Kingdom,8.850000000000001
550521,21912,VINTAGE SNAKES & LADDERS,4,2011-04-19 09:49:00,3.75,13647,United Kingdom,15.0
550515,85062,PEARL CRYSTAL PUMPKIN T-LIGHT HLDR,3,2011-04-18 17:29:00,1.65,14502,United Kingdom,4.949999999999999
544282,21181,PLEASE ONE PERSON METAL SIGN,12,2011-02-17 12:24:00,2.1,17865,United Kingdom,25.200000000000003
572886,21558,SKULL LUNCH BOX WITH CUTLERY ,6,2011-10-26 13:46:00,2.55,12448,Spain,15.299999999999999
551885,22077,6 RIBBONS RUSTIC CHARM,12,2011-05-05 09:18:00,1.65,16700,United Kingdom,19.799999999999997
579154,22752,SET 7 BABUSHKA NESTING BOXES,3,2011-11-28 13:27:00,8.5,17218,United Kingdom,25.5
561222,22492,MINI PAINT SET VINTAGE ,36,2011-07-26 09:27:00,0.65,13588,United Kingdom,23.400000000000002
567378,20914,SET/5 RED RETROSPOT LID GLASS BOWLS,6,2011-09-20 10:01:00,2.95,14911,EIRE,17.700000000000003
552886,22966,GINGERBREAD MAN COOKIE CUTTER,12,2011-05-12 10:18:00,1.25,16244,United Kingdom,15.0
541859,21531,RED RETROSPOT SUGAR JAM BOWL,1,2011-01-23 15:34:00,2.55,14606,United Kingdom,2.55
571276,23354,6 GIFT TAGS 50'S CHRISTMAS ,2,2011-10-16 12:30:00,0.83,14702,United Kingdom,1.66
580096,23380,PACK OF 12 VINTAGE DOILY TISSUES,24,2011-12-01 14:55:00,0.39,13408,United Kingdom,9.36
563917,23298,SPOTTY BUNTING,1,2011-08-21 13:46:00,4.95,14572,United Kingdom,4.95
538095,22497,SET OF 2 TINS VINTAGE BATHROOM ,2,2010-12-09 14:55:00,4.25,17097,Spain,8.5
548309,71459,HANGING JAM JAR T-LIGHT HOLDER,12,2011-03-30 12:02:00,0.85,16657,United Kingdom,10.2
556910,23343,JUMBO BAG VINTAGE CHRISTMAS ,5,2011-06-15 13:25:00,2.08,12748,United Kingdom,10.4
578100,22824,3 TIER SWEETHEART GARDEN SHELF,1,2011-11-23 08:17:00,35.95,15814,United Kingdom,35.95
552365,22430,ENAMEL WATERING CAN CREAM,2,2011-05-09 12:25:00,4.95,16440,United Kingdom,9.9
556794,21115,ROSE CARAVAN DOORSTOP,2,2011-06-14 14:06:00,6.75,13720,United Kingdom,13.5
562219,22697,GREEN REGENCY TEACUP AND SAUCER,6,2011-08-03 14:14:00,2.95,15089,United Kingdom,17.700000000000003
578522,23350,ROLL WRAP VINTAGE SPOT ,2,2011-11-24 14:09:00,1.25,17254,United Kingdom,2.5
564856,21164,HOME SWEET HOME METAL SIGN ,18,2011-08-31 09:11:00,2.95,12477,Germany,53.1
574682,23263,SET OF 3 WOODEN HEART DECORATIONS,4,2011-11-06 12:44:00,1.25,14963,United Kingdom,5.0
573029,23404,HOME SWEET HOME BLACKBOARD,2,2011-10-27 13:33:00,4.95,14971,United Kingdom,9.9
578947,85032A,ROMANTIC IMAGES GIFT WRAP SET,3,2011-11-27 13:49:00,0.65,14547,United Kingdom,1.9500000000000002
572921,22865,HAND WARMER OWL DESIGN,2,2011-10-26 16:57:00,2.1,15993,United Kingdom,4.2
567474,23406,HOME SWEET HOME KEY HOLDER,2,2011-09-20 12:53:00,6.25,13448,United Kingdom,12.5
539009,21463,MIRRORED DISCO BALL ,1,2010-12-15 13:24:00,5.95,13221,United Kingdom,5.95
567899,20977,36 PENCILS TUBE WOODLAND,16,2011-09-22 16:26:00,1.25,14911,EIRE,20.0
577319,23296,SET OF 6 TEA TIME BAKING CASES,1,2011-11-18 13:43:00,1.25,17301,United Kingdom,1.25
546851,22907,PACK OF 20 NAPKINS PANTRY DESIGN,12,2011-03-17 13:23:00,0.85,12480,Germany,10.2
563376,20718,RED RETROSPOT SHOPPER BAG,5,2011-08-16 10:36:00,1.25,15752,United Kingdom,6.25
578515,23300,GARDENERS KNEELING PAD CUP OF TEA ,1,2011-11-24 13:40:00,1.65,16885,United Kingdom,1.65
568208,22178,VICTORIAN GLASS HANGING T-LIGHT,6,2011-09-25 15:35:00,1.95,12783,Portugal,11.7
558909,22745,POPPY'S PLAYHOUSE BEDROOM ,12,2011-07-05 09:10:00,2.1,13408,United Kingdom,25.200000000000003
555854,21629,SQUARE FLOOR CUSHION VINTAGE RED,4,2011-06-07 13:47:00,7.95,12748,United Kingdom,31.8
567675,22950,36 DOILIES VINTAGE CHRISTMAS,1,2011-09-21 15:54:00,1.45,15351,United Kingdom,1.45
546252,84879,ASSORTED COLOUR BIRD ORNAMENT,8,2011-03-10 14:42:00,1.69,14930,Channel Islands,13.52
546038,22767,TRIPLE PHOTO FRAME CORNICE ,16,2011-03-09 10:19:00,8.5,15071,United Kingdom,136.0
571706,23505,PLAYING CARDS I LOVE LONDON ,12,2011-10-18 15:26:00,1.25,15144,United Kingdom,15.0
546330,22241,GARLAND WOODEN HAPPY EASTER,12,2011-03-11 10:30:00,1.25,16817,United Kingdom,15.0
549833,22197,SMALL POPCORN HOLDER,24,2011-04-12 13:19:00,0.85,13458,United Kingdom,20.4
563556,23202,JUMBO BAG VINTAGE LEAF,20,2011-08-17 13:31:00,2.08,17706,United Kingdom,41.6
553574,47566B,TEA TIME PARTY BUNTING,40,2011-05-18 09:59:00,4.95,16422,United Kingdom,198.0
574893,23583,LUNCH BAG PAISLEY PARK  ,1,2011-11-07 14:40:00,1.65,18036,United Kingdom,1.65
560491,23240,SET OF 4 KNICK KNACK TINS DOILEY ,1,2011-07-19 10:51:00,4.15,12415,Australia,4.15
549302,20982,12 PENCILS TALL TUBE SKULLS,12,2011-04-08 08:25:00,0.85,14246,United Kingdom,10.2
546249,21524,DOORMAT SPOTTY HOME SWEET HOME,1,2011-03-10 13:58:00,7.95,14606,United Kingdom,7.95
